locus	status	chunks
input_121|NW_004567114.1:24999579-24999844(-)	kept	4
input_121|NW_004567115.1:51740417-51740682(-)	kept	4
input_121|NW_004567136.1:1530182-1530448(+)	kept	4
input_121|NW_004567112.1:35051230-35051495(-)	kept	4
input_121|NW_004567109.1:1464388-1464654(-)	kept	4
input_121|NW_004567123.1:2363644-2363910(+)	kept	4
input_121|NW_004567111.1:43761671-43761932(+)	kept	4
input_121|NW_004567126.1:11363856-11364145(-)	kept	3
input_121|NW_004567103.1:75832206-75832472(-)	kept	4
input_121|NW_004567116.1:18788495-18788761(-)	kept	4
input_121|NW_004567105.1:67363510-67363776(-)	kept	4
input_121|NW_004567118.1:14288180-14288447(-)	kept	4
input_121|NW_004567122.1:24314877-24315141(-)	kept	3
input_121|NW_004567104.1:1589416-1589682(-)	kept	3
input_121|NW_004567107.1:63730490-63730749(+)	kept	3
input_121|NW_004567107.1:36365705-36365971(-)	kept	3
input_121|NW_004567121.1:4582661-4582923(+)	kept	4
input_121|NW_004567122.1:17293608-17293874(+)	kept	4
input_121|NW_004567107.1:36327019-36327285(-)	kept	4
input_121|NW_004567103.1:41679290-41679556(-)	kept	4
input_121|NW_004567109.1:30453229-30453495(-)	kept	4
input_121|NW_004567136.1:3690804-3691070(-)	kept	4
input_121|NW_004567109.1:46877845-46878109(-)	kept	3
input_121|NW_004567117.1:35264852-35265118(+)	kept	3
input_121|NW_004567107.1:25381292-25381551(+)	kept	3
input_121|NW_004567103.1:62080289-62080555(-)	kept	3
input_121|NW_004567102.1:60684536-60684827(+)	kept	3
input_121|NW_004567104.1:55039636-55039902(-)	kept	2
input_121|NW_004567108.1:52808581-52808851(-)	kept	3
input_121|NW_004567106.1:47441766-47442028(-)	kept	3
input_121|NW_004567102.1:64382563-64382822(+)	kept	2
input_121|NW_004567124.1:12604780-12605046(-)	kept	2
input_121|NW_004567111.1:41210342-41210608(+)	kept	2
input_121|NW_004567123.1:1477234-1477500(+)	kept	2
input_121|NW_004567105.1:51783804-51784063(-)	kept	2
input_121|NW_004567102.1:1315802-1316061(-)	kept	2
input_121|NW_004567141.1:2104124-2104401(-)	kept	2
input_121|NW_004567102.1:45871720-45871983(-)	kept	3
input_121|NW_004567113.1:13597996-13598240(-)	kept	3
input_121|NW_004567114.1:10385113-10385379(-)	kept	3
input_121|NW_004567108.1:34839693-34839965(-)	kept	3
input_121|NW_004567104.1:69066905-69067170(+)	kept	3
input_121|NW_004567118.1:41489994-41490264(+)	kept	3
input_121|NW_004567111.1:27364498-27364732(+)	kept	4
input_121|NW_004567107.1:60786010-60786274(+)	kept	4
input_121|NW_004567122.1:31372011-31372299(+)	kept	4
input_121|NW_004567134.1:3721255-3721522(+)	kept	4
input_121|NW_004567114.1:45359848-45360114(+)	kept	3
input_121|NW_004567102.1:35056954-35057220(+)	kept	4
input_121|NW_004567104.1:18008254-18008524(-)	kept	3
input_122|NW_004567118.1:5822707-5822973(-)	kept	3
input_122|NW_004567142.1:825564-825830(+)	kept	4
input_122|NW_004567105.1:37490637-37490903(+)	kept	3
input_122|NW_004567115.1:11959137-11959403(-)	kept	3
input_122|NW_004567106.1:55502005-55502271(-)	kept	3
input_122|NW_004567131.1:6591663-6591936(-)	kept	3
input_122|NW_004567129.1:6657154-6657421(-)	kept	4
input_122|NW_004567138.1:10524814-10525078(+)	kept	2
input_122|NW_004567106.1:3682851-3683114(-)	kept	2
input_122|NW_004567124.1:20723681-20723947(-)	kept	4
input_122|NW_004567120.1:6714049-6714315(+)	kept	3
input_122|NW_004567126.1:9148463-9148729(+)	kept	3
input_122|NW_004567102.1:26929198-26929460(+)	kept	3
input_122|NW_004567107.1:11958026-11958291(-)	kept	4
input_122|NW_004567110.1:40500695-40500955(-)	kept	3
input_122|NW_004567116.1:32133793-32134059(-)	kept	3
input_122|NW_004567106.1:35127051-35127310(-)	kept	4
input_122|NW_004567103.1:14511862-14512121(-)	kept	4
input_122|NW_004567116.1:24712049-24712313(+)	kept	3
input_122|NW_004567129.1:23991139-23991405(+)	kept	3
input_122|NW_004567144.1:1819661-1819927(-)	kept	3
input_122|NW_004567103.1:3095080-3095362(-)	kept	3
input_122|NW_004567103.1:64215798-64216059(+)	kept	5
input_122|NW_004567111.1:4446399-4446665(-)	kept	3
input_122|NW_004567138.1:6816980-6817245(-)	kept	3
input_122|NW_004567119.1:25524815-25525081(-)	kept	3
input_122|NW_004567106.1:7619989-7620255(-)	kept	4
input_122|NW_004567132.1:3837932-3838198(-)	kept	3
input_122|NW_004567113.1:14237918-14238183(-)	kept	3
input_122|NW_004567102.1:23749185-23749450(+)	kept	4
input_122|NW_004567121.1:17271661-17271900(+)	kept	3
input_122|NW_004567106.1:46862467-46862733(-)	kept	2
input_122|NW_004567104.1:7968842-7969107(+)	kept	3
input_122|NW_004567129.1:23097698-23097992(+)	kept	3
input_122|NW_004567106.1:40779689-40779956(-)	kept	2
input_122|NW_004567131.1:11890972-11891237(+)	kept	2
input_122|NW_004567104.1:19536743-19537009(+)	kept	2
input_122|NW_004567105.1:41125362-41125628(+)	kept	5
input_122|NW_004567131.1:14208973-14209238(+)	kept	3
input_122|NW_004567129.1:14101161-14101425(+)	kept	2
input_122|NW_004567104.1:45833850-45834117(-)	kept	2
input_122|NW_004567110.1:54917179-54917439(+)	kept	3
input_122|NW_004567136.1:167716-167983(-)	kept	5
input_122|NW_004567107.1:56613060-56613315(+)	kept	4
input_122|NW_004567106.1:11765635-11765900(-)	kept	5
input_122|NW_004567119.1:33554073-33554338(-)	kept	5
input_122|NW_004567118.1:33061594-33061860(+)	kept	5
input_122|NW_004567106.1:18366690-18366956(+)	kept	5
input_122|NW_004567106.1:57130251-57130517(+)	kept	5
input_122|NW_004567111.1:24344898-24345164(+)	kept	5
input_123|NW_004567130.1:10779533-10779799(-)	kept	5
input_123|NW_004567112.1:44240410-44240676(-)	kept	4
input_123|NW_004567127.1:18326427-18326693(+)	kept	4
input_123|NW_004567103.1:37787826-37788085(+)	kept	4
input_123|NW_004567120.1:23311848-23312051(+)	kept	4
input_123|NW_004567104.1:62016742-62017008(-)	kept	4
input_123|NW_004567119.1:10946544-10946799(-)	kept	5
input_123|NW_004567111.1:5288478-5288741(+)	kept	2
input_123|NW_004567103.1:51093700-51093967(+)	kept	5
input_123|NW_004567102.1:41205434-41205699(+)	kept	4
input_123|NW_004567105.1:32375939-32376204(+)	kept	5
input_123|NW_004567110.1:11733299-11733563(+)	kept	5
input_123|NW_004567108.1:32193566-32193831(+)	kept	5
input_123|NW_004567108.1:28282455-28282720(+)	kept	5
input_123|NW_004567116.1:24499723-24499989(-)	kept	5
input_123|NW_004567106.1:20083472-20083738(-)	kept	4
input_123|NW_004567108.1:52300227-52300494(+)	kept	5
input_123|NW_004567122.1:15885796-15886066(+)	kept	5
input_123|NW_004567131.1:10374246-10374511(+)	kept	5
input_123|NW_004567116.1:44173172-44173435(+)	kept	4
input_123|NW_004567110.1:56139733-56139999(-)	kept	3
input_123|NW_004567103.1:25911812-25912071(+)	kept	4
input_123|NW_004567131.1:5415530-5415797(+)	kept	1
input_123|NW_004567113.1:14438602-14438859(-)	kept	3
input_123|NW_004567116.1:45223925-45224190(-)	kept	3
input_123|NW_004567105.1:16767330-16767596(-)	kept	4
input_123|NW_004567118.1:35459238-35459505(+)	kept	3
input_123|NW_004567121.1:6002743-6003009(-)	kept	4
input_123|NW_004567106.1:67409293-67409559(+)	kept	3
input_123|NW_004567146.1:271859-272117(-)	kept	4
input_123|NW_004567108.1:7936234-7936476(-)	kept	1
input_123|NW_004567107.1:47184798-47185069(-)	kept	1
input_123|NW_004567114.1:31155348-31155614(+)	kept	4
input_123|NW_004567110.1:59517057-59517323(+)	kept	4
input_123|NW_004567102.1:54178890-54179149(+)	kept	4
input_123|NW_004567107.1:15049838-15050097(-)	kept	2
input_123|NW_004567106.1:35550140-35550400(+)	kept	2
input_123|NW_004567102.1:16675410-16675673(+)	kept	1
input_123|NW_004567107.1:37016172-37016442(-)	kept	1
input_123|NW_004567109.1:38031470-38031741(-)	kept	1
input_123|NW_004567110.1:40623912-40624181(+)	kept	1
input_123|NW_004567154.1:982841-983112(+)	kept	1
input_123|NW_004567102.1:12912318-12912588(+)	kept	1
input_123|NW_004567108.1:49289255-49289525(-)	kept	1
input_123|NW_004567103.1:52152394-52152664(+)	kept	1
input_123|NW_004567192.1:19333-19602(+)	kept	1
input_123|NW_004567131.1:3092748-3093013(+)	kept	1
input_123|NW_004567109.1:31741680-31741945(-)	kept	1
input_123|NW_004567113.1:6283009-6283272(+)	kept	1
input_123|NW_004567110.1:27624736-27625001(+)	kept	1
input_125|NW_004567102.1:34222246-34222513(-)	kept	2
input_125|NW_004567104.1:38857619-38857885(+)	kept	2
input_125|NW_004567117.1:2222392-2222650(-)	kept	2
input_125|NW_004567117.1:18466229-18466488(+)	kept	1
input_125|NW_004567111.1:40184559-40184826(-)	kept	2
input_125|NW_004567103.1:68594902-68595162(+)	kept	2
input_125|NW_004567102.1:82862406-82862670(-)	kept	4
input_125|NW_004567133.1:9825895-9826165(-)	kept	1
input_125|NW_004567110.1:17895926-17896192(-)	kept	2
input_125|NW_004567111.1:38082922-38083186(-)	kept	1
input_125|NW_004567106.1:63531995-63532261(+)	kept	2
input_125|NW_004567107.1:23460447-23460680(+)	kept	4
input_125|NW_004567124.1:4082522-4082789(-)	kept	5
input_125|NW_004567120.1:11253666-11253928(-)	kept	5
input_125|NW_004567111.1:56881356-56881614(-)	kept	1
input_125|NW_004567115.1:31187704-31187966(+)	kept	1
input_125|NW_004567120.1:20166798-20167068(-)	kept	1
input_125|NW_004567112.1:36580654-36580914(+)	kept	1
input_125|NW_004567108.1:51077709-51077970(-)	kept	5
input_125|NW_004567118.1:35546537-35546821(-)	kept	1
input_125|NW_004567117.1:6980900-6981162(-)	kept	2
input_125|NW_004567132.1:19233005-19233274(+)	kept	1
input_125|NW_004567112.1:12136625-12136895(+)	kept	1
input_125|NW_004567112.1:12138799-12138987(+)	kept	1
input_125|NW_004567111.1:44809483-44809746(-)	kept	1
input_125|NW_004567148.1:2532031-2532297(-)	kept	1
input_125|NW_004567112.1:21858231-21858489(+)	kept	1
input_125|NW_004567117.1:15472832-15473099(-)	kept	5
input_125|NW_004567111.1:39204775-39205033(-)	kept	1
input_125|NW_004567102.1:24595221-24595485(+)	kept	1
input_125|NW_004567106.1:52104019-52104285(-)	kept	1
input_125|NW_004567106.1:41471662-41471934(-)	kept	1
input_125|NW_004567113.1:5513064-5513330(+)	kept	5
input_125|NW_004567143.1:1603273-1603539(+)	kept	4
input_125|NW_004567107.1:60444022-60444281(+)	kept	5
input_125|NW_004567107.1:60780420-60780687(+)	kept	1
input_125|NW_004567103.1:62607287-62607552(-)	kept	5
input_125|NW_004567116.1:36941748-36942013(+)	kept	2
input_125|NW_004567119.1:28194807-28195077(+)	kept	5
input_125|NW_004567128.1:13998289-13998551(-)	kept	1
input_125|NW_004567104.1:18251583-18251850(-)	kept	5
input_125|NW_004567146.1:1305291-1305558(-)	kept	5
input_125|NW_004567105.1:66593763-66594019(+)	kept	5
input_125|NW_004567118.1:40639023-40639297(-)	kept	5
input_125|NW_004567122.1:5539867-5540133(+)	kept	5
input_125|NW_004567119.1:18187542-18187807(-)	kept	5
input_125|NW_004567109.1:42955608-42955867(-)	kept	1
input_125|NW_004567115.1:50934131-50934389(-)	kept	5
input_125|NW_004567132.1:15781215-15781467(+)	kept	5
input_125|NW_004567104.1:62799181-62799448(-)	kept	5
input_124|NW_004567109.1:40652788-40653058(-)	kept	1
input_124|NW_004567120.1:6221957-6222227(-)	kept	1
input_124|NW_004567106.1:31276547-31276813(+)	kept	1
input_124|NW_004567142.1:3414283-3414538(+)	kept	1
input_124|NW_004567102.1:27103693-27103967(+)	kept	2
input_124|NW_004567136.1:6155763-6156032(+)	kept	5
input_124|NW_004567105.1:44928167-44928432(+)	kept	2
input_124|NW_004567107.1:54190384-54190650(-)	kept	2
input_124|NW_004567127.1:16160630-16160885(+)	kept	2
input_124|NW_004567114.1:35751943-35752198(-)	kept	2
input_124|NW_004567135.1:7094937-7095197(+)	kept	2
input_124|NW_004567104.1:74053377-74053744(-)	kept	2
input_124|NW_004567103.1:61072166-61072429(+)	kept	1
input_124|NW_004567138.1:449870-450132(-)	kept	2
input_124|NW_004567106.1:60434293-60434556(+)	kept	2
input_124|NW_004567138.1:9489412-9489682(-)	kept	2
input_124|NW_004567123.1:25526966-25527236(+)	kept	2
input_124|NW_004567109.1:30450284-30450554(-)	kept	2
input_124|NW_004567113.1:31640494-31640764(+)	kept	2
input_124|NW_004567108.1:55902600-55902870(+)	kept	2
input_124|NW_004567128.1:25812810-25813080(+)	kept	2
input_124|NW_004567132.1:23113391-23113661(+)	kept	1
input_124|NW_004567142.1:3362366-3362585(+)	kept	2
input_124|NW_004567106.1:57026457-57026716(-)	kept	2
input_124|NW_004567122.1:32318521-32318779(-)	kept	1
input_124|NW_004567102.1:69126798-69127067(+)	kept	1
input_124|NW_004567104.1:26078999-26079266(-)	kept	5
input_124|NW_004567122.1:18206052-18206317(-)	kept	5
input_124|NW_004567108.1:59249877-59250144(+)	kept	5
input_124|NW_004567108.1:18046261-18046528(+)	kept	5
input_124|NW_004567106.1:46446048-46446314(-)	kept	5
input_124|NW_004567130.1:21467240-21467757(+)	kept	1
input_124|NW_004567111.1:55030832-55031087(+)	kept	1
input_124|NW_004567106.1:31116189-31116455(-)	kept	2
input_124|NW_004567104.1:1400671-1400937(+)	kept	3
input_124|NW_004567112.1:51984981-51985245(+)	kept	1
input_124|NW_004567120.1:39444868-39445135(-)	kept	5
input_124|NW_004567110.1:62855547-62855816(-)	kept	1
input_124|NW_004567108.1:3373753-3374018(+)	kept	5
input_124|NW_004567102.1:58999747-59000000(-)	kept	1
input_124|NW_004567117.1:27505116-27505380(+)	kept	2
input_124|NW_004567103.1:77504043-77504309(+)	kept	5
input_124|NW_004567111.1:5875192-5875459(-)	kept	2
input_124|NW_004567104.1:33019628-33019898(+)	kept	5
input_124|NW_004567118.1:644362-644680(+)	kept	4
input_124|NW_004567124.1:20735792-20736051(-)	kept	2
input_124|NW_004567117.1:38013916-38014170(+)	kept	5
input_124|NW_004567115.1:18856837-18857096(+)	kept	5
input_124|NW_004567125.1:13508308-13508574(+)	kept	5
input_124|NW_004567127.1:9301340-9301602(+)	kept	2
