family	n_copies	median_raw_p	median_cpg_adj_p	drop_percent	copies_changing_bin_percent
rsi_MEG-RL	15	0.2875	0.2650	8	0
rsi_MEG-RS	101	0.0435	0.0357	18	2
rsi_MEG-T2	101	0.4000	0.3575	11	40
rsi_MEG-TR	22	0.3715	0.3267	12	36
rsi_r10_19seqs	101	0.0753	0.0441	41	49
rsi_r10_r8_P18	101	0.0993	0.0638	36	48
rsi_r1_9seqs	101	0.0850	0.0667	22	12
rsi_r1_r2_r3_r3_C11	101	0.0131	0.0085	35	42
rsi_r1_r3_P1	101	0.0379	0.0259	32	51
rsi_r1_r3_P2	101	0.0385	0.0292	24	38
rsi_r2_3seqs	74	0.1179	0.0912	23	11
rsi_r3_58seqs	101	0.1676	0.1347	20	14
rsi_r4_32seqs	26	0.3892	0.3623	7	0
rsi_r5_27seqs	101	0.0565	0.0373	34	45
rsi_r5_r3_P34	101	0.0598	0.0382	36	47
rsi_r5_r5_P48	101	0.1046	0.0783	25	36
rsi_r5_r6_P26	101	0.0642	0.0425	34	48
rsi_r6_210seqs	101	0.0444	0.0289	35	52
rsi_r7_133seqs	101	0.0325	0.0201	38	56
rsi_r8_83seqs	101	0.0556	0.0403	27	47
rsi_r9_15seqs	101	0.0381	0.0210	45	55
