g3	input_001.bnk
g3	input_002.bnk
g3	input_017.bnk
g3	input_015.bnk
g3	input_016.bnk
g3	input_032.bnk
g3	input_033.bnk
g3	input_060.bnk
g3	input_034.bnk
g3	input_058.bnk
g3	input_043.bnk
g3	input_014.bnk
g3	input_044.bnk
g3	input_054.bnk
g3	input_012.bnk
g3	input_010.bnk
g3	input_026.bnk
g3	input_008.bnk
g3	input_005.bnk
g3	input_007.bnk
g3	input_003.bnk
g3	input_009.bnk
g3	input_006.bnk
g3	input_004.bnk
g3	input_040.bnk
g3	input_024.bnk
g3	input_066.bnk
g3	input_059.bnk
g3	input_065.bnk
g3	input_067.bnk
g3	input_052.bnk
g3	input_126.bnk
g3	input_142.bnk
g3	input_083.bnk
g3	input_104.bnk
g3	input_112.bnk
g3	input_136.bnk
g3	input_143.bnk
g3	input_072.bnk
g3	input_074.bnk
g3	input_118.bnk
g3	input_071.bnk
g3	input_103.bnk
g3	input_119.bnk
g3	input_145.bnk
g3	input_117.bnk
g3	input_134.bnk
g3	input_101.bnk
g3	input_075.bnk
g3	input_077.bnk
g3	input_091.bnk
g3	input_097.bnk
g3	input_099.bnk
g3	input_111.bnk
g3	input_081.bnk
g3	input_095.bnk
g3	input_098.bnk
g3	input_108.bnk
g3	input_093.bnk
g3	input_110.bnk
g3	input_113.bnk
g3	input_092.bnk
g3	input_096.bnk
g3	input_073.bnk
g3	input_078.bnk
g3	input_131.bnk
g3	input_105.bnk
g3	input_088.bnk
g3	input_144.bnk
g3	input_146.bnk
g3	input_147.bnk
g3	input_120.bnk
g3	input_109.bnk
g3	input_115.bnk
g3	input_116.bnk
g3	input_069.bnk
g3	input_212.bnk
g3	input_127.bnk
g3	input_140.bnk
g3	input_197.bnk
g3	input_148.bnk
g3	input_149.bnk
g3	input_070.bnk
g3	input_129.bnk
g3	input_130.bnk
g3	input_137.bnk
g3	input_138.bnk
g3	input_139.bnk
g3	input_195.bnk
g3	input_086.bnk
g3	input_102.bnk
g3	input_106.bnk
g3	input_094.bnk
g3	input_128.bnk
g3	input_089.bnk
g3	input_085.bnk
g3	input_135.bnk
g3	input_196.bnk
g3	input_087.bnk
g3	input_082.bnk
g3	input_107.bnk
g3	input_076.bnk
g3	input_080.bnk
g3	input_084.bnk
g3	input_114.bnk
g3	input_133.bnk
g3	input_079.bnk
g3	input_090.bnk
g3	input_100.bnk
g3	input_132.bnk
g3	input_162.bnk
g3	input_167.bnk
g3	input_211.bnk
g3	input_064.bnk
g3	input_154.bnk
g3	input_155.bnk
g3	input_222.bnk
g3	input_365.bnk
g3	input_194.bnk
g3	input_178.bnk
g3	input_176.bnk
g3	input_208.bnk
g3	input_238.bnk
g3	input_159.bnk
g3	input_174.bnk
g3	input_214.bnk
g3	input_230.bnk
g3	input_175.bnk
g3	input_158.bnk
g3	input_151.bnk
g3	input_173.bnk
g3	input_152.bnk
g3	input_184.bnk
g3	input_198.bnk
g3	input_156.bnk
g3	input_157.bnk
g3	input_193.bnk
g2	input_295.bnk
g2	input_297.bnk
g2	input_299.bnk
g2	input_304.bnk
g2	input_323.bnk
g2	input_480.bnk
g2	input_341.bnk
g2	input_488.bnk
g2	input_324.bnk
g2	input_325.bnk
g2	input_425.bnk
g2	input_315.bnk
g2	input_296.bnk
g2	input_326.bnk
g2	input_300.bnk
g2	input_424.bnk
g2	input_322.bnk
g2	input_303.bnk
g2	input_334.bnk
g2	input_302.bnk
g2	input_298.bnk
g2	input_338.bnk
g2	input_379.bnk
g2	input_490.bnk
g2	input_317.bnk
g2	input_305.bnk
g2	input_337.bnk
g2	input_306.bnk
g2	input_336.bnk
g2	input_331.bnk
g2	input_319.bnk
g2	input_481.bnk
g2	input_498.bnk
g2	input_327.bnk
g2	input_364.bnk
g2	input_383.bnk
g2	input_320.bnk
g2	input_370.bnk
g2	input_373.bnk
g2	input_371.bnk
g2	input_489.bnk
g2	input_311.bnk
g2	input_310.bnk
g2	input_422.bnk
g2	input_418.bnk
g2	input_314.bnk
g2	input_483.bnk
g2	input_377.bnk
g2	input_378.bnk
g2	input_301.bnk
g2	input_372.bnk
g2	input_328.bnk
g2	input_227.bnk
g2	input_307.bnk
g2	input_308.bnk
g2	input_332.bnk
g2	input_384.bnk
g2	input_330.bnk
g2	input_333.bnk
g2	input_497.bnk
g2	input_321.bnk
g2	input_496.bnk
g2	input_335.bnk
g2	input_316.bnk
g2	input_339.bnk
g2	input_312.bnk
g2	input_375.bnk
g2	input_447.bnk
g2	input_499.bnk
g4	input_011.bnk
g4	input_013.bnk
g4	input_035.bnk
g4	input_018.bnk
g4	input_019.bnk
g4	input_022.bnk
g4	input_045.bnk
g4	input_225.bnk
g4	input_025.bnk
g4	input_051.bnk
g4	input_041.bnk
g4	input_050.bnk
g4	input_042.bnk
g4	input_031.bnk
g4	input_036.bnk
g4	input_062.bnk
g4	input_037.bnk
g4	input_027.bnk
g4	input_028.bnk
g4	input_039.bnk
g4	input_049.bnk
g4	input_224.bnk
g4	input_068.bnk
g4	input_226.bnk
g4	input_046.bnk
g4	input_020.bnk
g4	input_030.bnk
g4	input_048.bnk
g4	input_029.bnk
g4	input_063.bnk
g4	input_223.bnk
g4	input_057.bnk
g4	input_061.bnk
g4	input_055.bnk
g4	input_021.bnk
g4	input_053.bnk
g4	input_056.bnk
g4	input_038.bnk
g4	input_023.bnk
g4	input_047.bnk
g7	input_243.bnk
g7	input_392.bnk
g7	input_465.bnk
g7	input_395.bnk
g7	input_441.bnk
g7	input_476.bnk
g7	input_357.bnk
g7	input_266.bnk
g7	input_244.bnk
g7	input_398.bnk
g7	input_510.bnk
g7	input_472.bnk
g7	input_538.bnk
g7	input_505.bnk
g7	input_394.bnk
g7	input_440.bnk
g7	input_396.bnk
g7	input_401.bnk
g7	input_457.bnk
g7	input_509.bnk
g7	input_567.bnk
g7	input_250.bnk
g7	input_268.bnk
g7	input_464.bnk
g7	input_360.bnk
g7	input_281.bnk
g6	input_190.bnk
g6	input_171.bnk
g6	input_181.bnk
g6	input_232.bnk
g6	input_209.bnk
g6	input_416.bnk
g6	input_180.bnk
g6	input_205.bnk
g6	input_170.bnk
g6	input_164.bnk
g6	input_165.bnk
g6	input_161.bnk
g6	input_202.bnk
g6	input_163.bnk
g6	input_201.bnk
g6	input_166.bnk
g6	input_160.bnk
g6	input_186.bnk
g6	input_217.bnk
g6	input_188.bnk
g6	input_177.bnk
g6	input_219.bnk
g6	input_414.bnk
g6	input_218.bnk
g6	input_235.bnk
g6	input_213.bnk
g6	input_169.bnk
g6	input_192.bnk
g6	input_153.bnk
g6	input_415.bnk
g6	input_191.bnk
g6	input_189.bnk
g6	input_239.bnk
g6	input_221.bnk
g6	input_168.bnk
g6	input_182.bnk
g6	input_199.bnk
g6	input_185.bnk
g6	input_241.bnk
g6	input_204.bnk
g6	input_231.bnk
g6	input_229.bnk
g6	input_179.bnk
g6	input_206.bnk
g6	input_220.bnk
g6	input_228.bnk
g6	input_183.bnk
g6	input_366.bnk
g6	input_417.bnk
g6	input_203.bnk
g6	input_172.bnk
g6	input_240.bnk
g6	input_215.bnk
g6	input_216.bnk
g6	input_207.bnk
g6	input_200.bnk
g6	input_210.bnk
g6	input_187.bnk
g6	input_141.bnk
g6	input_150.bnk
g6	input_233.bnk
new13	input_273.bnk
new13	input_275.bnk
new13	input_277.bnk
new13	input_279.bnk
new13	input_280.bnk
new13	input_284.bnk
new13	input_283.bnk
new13	input_493.bnk
new13	input_274.bnk
new13	input_492.bnk
new13	input_276.bnk
new13	input_282.bnk
new13	input_278.bnk
g5	input_121.bnk
g5	input_122.bnk
g5	input_123.bnk
g5	input_125.bnk
g5	input_124.bnk
