AYEL01075508.1:44882-45028(-)	72.60
AYEL01090763.1:25039-25167(-)	74.51
AYEL01082081.1:166381-166512(-)	69.47
AYEL01061023.1:17811-17942(+)	76.11
AYEL01074165.1:21299-21453(+)	70.45
AYEL01090956.1:22367-22500(-)	64.66
AYEL01089250.1:4849-4975(-)	61.90
AYEL01087537.1:42173-42284(-)	68.25
AYEL01053933.1:46427-46540(-)	68.57
AYEL01073594.1:53139-53286(+)	73.23
AYEL01078945.1:73755-73873(-)	73.04
AYEL01078218.1:29414-29546(-)	72.52
AYEL01083446.1:10743-10877(-)	71.64
AYEL01066127.1:97251-97385(-)	71.64
AYEL01064127.1:53316-53450(-)	61.19
AYEL01079986.1:2326-2459(-)	70.31
AYEL01044152.1:855-991(-)	61.36
AYEL01073290.1:26253-26398(+)	68.70
AYEL01005287.1:3911-4048(+)	69.72
AYEL01018823.1:277-411(+)	70.90
AYEL01081484.1:49920-50064(+)	70.31
AYEL01067516.1:13481-13613(+)	65.60
AYEL01091939.1:21500-21631(+)	69.47
AYEL01071791.1:10609-10744(+)	70.68
AYEL01060874.1:27693-27821(+)	70.53
AYEL01065569.1:2614-2750(+)	64.39
AYEL01076235.1:104000-104130(-)	74.02
AYEL01010141.1:2710-2846(+)	74.76
AYEL01038143.1:230-375(+)	68.99
AYEL01087537.1:167961-168093(+)	67.42
AYEL01085059.1:40316-40443(-)	60.00
AYEL01074511.1:28680-28817(+)	69.09
AYEL01091114.1:810-943(+)	75.25
AYEL01064931.1:51-194(-)	68.50
AYEL01075938.1:85277-85385(-)	63.46
AYEL01088495.1:49299-49430(+)	67.18
AYEL01080500.1:195741-195875(-)	67.91
AYEL01085839.1:32063-32194(-)	62.02
AYEL01053952.1:13410-13548(+)	74.53
AYEL01070863.1:38596-38706(-)	73.27
AYEL01052451.1:13210-13356(+)	73.98
AYEL01082998.1:14636-14782(-)	63.86
AYEL01087214.1:15770-15903(+)	66.14
AYEL01058057.1:8984-9119(-)	70.99
AYEL01072497.1:1251-1376(+)	67.20
AYEL01069816.1:14793-14929(+)	74.44
AYEL01086564.1:10572-10718(+)	78.86
AYEL01063897.1:8008-8123(+)	64.00
AYEL01086185.1:20591-20712(-)	65.29
AYEL01090696.1:32430-32552(-)	73.55
AYEL01086572.1:18108-18241(+)	69.60
AYEL01010071.1:11840-11971(-)	76.15
AYEL01079669.1:23339-23479(+)	63.78
AYEL01078341.1:39453-39601(+)	70.08
AYEL01069044.1:1165-1293(+)	68.32
AYEL01061854.1:9121-9242(+)	65.25
AYEL01035862.1:21626-21759(+)	68.14
AYEL01048788.1:347-498(+)	65.67
AYEL01091337.1:12596-12727(+)	70.99
AYEL01064386.1:31526-31651(+)	72.73
AYEL01069583.1:20465-20598(+)	70.10
AYEL01065028.1:41267-41415(+)	70.54
AYEL01090419.1:13620-13746(+)	63.71
AYEL01085464.1:79870-79991(+)	85.37
AYEL01057802.1:33337-33477(-)	70.34
AYEL01080842.1:17610-17739(-)	71.09
AYEL01090695.1:5066-5196(-)	73.08
AYEL01004671.1:3285-3421(-)	62.73
AYEL01081337.1:7878-7996(-)	75.45
AYEL01057400.1:18041-18191(-)	64.44
AYEL01083569.1:1728-1857(+)	70.54
AYEL01078873.1:703-811(+)	90.00
AYEL01082291.1:10110-10247(-)	72.93
AYEL01073952.1:3144-3280(+)	69.40
AYEL01070227.1:6497-6642(+)	73.17
AYEL01087299.1:30065-30215(-)	66.42
AYEL01090898.1:24884-25004(+)	68.64
AYEL01084055.1:15362-15493(-)	70.23
AYEL01091962.1:22608-22719(+)	72.73
AYEL01090485.1:3832-3965(-)	70.68
AYEL01075800.1:2468-2599(-)	69.23
AYEL01091868.1:1869-2011(+)	68.85
AYEL01080832.1:15757-15887(+)	74.07
AYEL01091305.1:10532-10645(-)	67.26
AYEL01046584.1:20959-21079(+)	72.50
AYEL01062204.1:8571-8688(+)	75.53
AYEL01066943.1:13707-13833(-)	71.08
AYEL01076375.1:94030-94163(-)	70.68
AYEL01073670.1:37071-37205(-)	70.90
AYEL01043676.1:17680-17792(+)	71.96
AYEL01082195.1:4099-4229(+)	68.99
AYEL01083995.1:44338-44472(-)	72.58
AYEL01053958.1:8613-8725(+)	74.11
AYEL01057293.1:17316-17431(-)	71.68
AYEL01085251.1:4312-4441(-)	71.32
AYEL01050527.1:34133-34259(-)	69.84
AYEL01061748.1:52721-52840(-)	60.92
AYEL01091743.1:818-952(+)	67.18
AYEL01091348.1:15231-15351(-)	61.67
AYEL01012566.1:38623-38759(-)	69.81
AYEL01057447.1:11649-11784(+)	73.68
AYEL01023321.1:1588-1708(-)	69.17
AYEL01086564.1:10799-10946(+)	73.64
AYEL01063638.1:50111-50235(+)	78.33
AYEL01068649.1:12220-12351(+)	67.44
AYEL01087214.1:17731-17859(+)	68.00
AYEL01049942.1:352-489(-)	70.83
AYEL01090048.1:46722-46854(+)	71.21
AYEL01036296.1:2382-2520(+)	71.43
AYEL01023613.1:6425-6556(+)	72.50
AYEL01039896.1:2247-2380(+)	70.77
AYEL01073767.1:18068-18200(-)	70.45
AYEL01059638.1:46577-46707(-)	73.08
AYEL01058213.1:30700-30830(+)	64.06
AYEL01075586.1:10140-10288(+)	70.63
AYEL01068616.1:26984-27114(+)	70.31
AYEL01070649.1:10440-10574(-)	69.40
AYEL01046779.1:5179-5308(+)	70.54
AYEL01077561.1:22052-22187(+)	66.92
AYEL01083788.1:22016-22146(-)	63.57
AYEL01080286.1:4582-4720(+)	77.08
AYEL01088432.1:4892-5024(-)	71.77
AYEL01046574.1:57976-58109(-)	69.17
AYEL01091117.1:63607-63729(+)	69.49
AYEL01062560.1:9082-9222(-)	61.90
AYEL01026517.1:181-328(-)	63.86
AYEL01063438.1:1969-2101(-)	72.73
AYEL01090250.1:798-928(-)	72.66
AYEL01072347.1:7748-7872(-)	60.48
AYEL01036748.1:11084-11222(+)	73.28
AYEL01042525.1:16740-16862(+)	75.83
AYEL01073138.1:5048-5172(+)	68.91
AYEL01065837.1:54661-54797(+)	72.93
AYEL01053990.1:5092-5206(-)	70.41
AYEL01013058.1:93-215(-)	63.56
AYEL01059958.1:942-1089(+)	75.78
AYEL01062005.1:3712-3830(+)	66.95
AYEL01086553.1:1203-1329(-)	73.98
AYEL01088518.1:13102-13235(+)	62.60
AYEL01062005.1:30918-31048(+)	65.04
AYEL01077021.1:31865-31992(-)	68.60
AYEL01061321.1:28209-28317(+)	73.33
AYEL01037241.1:2381-2493(+)	71.96
AYEL01019306.1:61-194(-)	66.15
AYEL01071512.1:14795-14931(-)	63.16
AYEL01085068.1:48632-48759(-)	82.19
AYEL01023321.1:1832-1953(-)	71.07
AYEL01030543.1:96-204(+)	64.47
AYEL01049848.1:7031-7177(-)	72.37
AYEL01088845.1:11944-12081(-)	74.29
AYEL01089675.1:27034-27166(-)	78.89
AYEL01058367.1:4364-4509(+)	71.32
AYEL01060415.1:24948-25085(-)	67.42
AYEL01077871.1:13814-13952(-)	76.15
AYEL01066944.1:32776-32906(-)	66.15
AYEL01069416.1:882-1015(-)	69.09
AYEL01080168.1:6810-6944(+)	69.84
AYEL01089890.1:83689-83801(+)	58.33
AYEL01055049.1:75892-76024(+)	62.60
AYEL01080500.1:22845-22978(+)	72.18
AYEL01074504.1:27959-28092(+)	69.92
AYEL01073846.1:5870-6004(+)	68.75
AYEL01044059.1:15325-15472(+)	76.00
AYEL01084734.1:24841-24968(-)	62.70
AYEL01079423.1:1920-2029(-)	70.87
AYEL01084634.1:27380-27511(-)	70.23
AYEL01088739.1:9514-9649(+)	70.68
AYEL01084182.1:4157-4289(-)	70.45
AYEL01090282.1:8446-8567(+)	68.07
AYEL01012284.1:66-195(-)	68.99
AYEL01069840.1:14864-14997(-)	69.17
AYEL01006003.1:20790-20920(+)	83.05
AYEL01089323.1:52458-52603(+)	66.17
AYEL01068241.1:14245-14366(-)	72.73
AYEL01076761.1:4691-4822(+)	71.76
AYEL01076977.1:33711-33829(-)	97.37
AYEL01081740.1:28380-28489(-)	71.15
AYEL01078945.1:74370-74488(-)	73.04
AYEL01019761.1:200-331(+)	77.48
AYEL01011041.1:1-117(-)	76.84
AYEL01071181.1:2036-2186(+)	69.92
AYEL01065708.1:42073-42209(+)	67.59
AYEL01006840.1:511-621(+)	64.81
AYEL01066943.1:9048-9169(+)	70.25
AYEL01086995.1:29414-29538(+)	66.94
AYEL01077740.1:110117-110240(+)	79.34
AYEL01005287.1:4701-4818(+)	70.75
AYEL01064344.1:10978-11128(+)	72.87
AYEL01070157.1:59776-59919(-)	73.24
AYEL01059736.1:6817-6967(+)	70.45
AYEL01055649.1:1936-2068(+)	65.15
AYEL01067683.1:7847-7956(+)	64.22
AYEL01068733.1:19912-20038(-)	70.00
AYEL01065278.1:27748-27864(-)	72.73
AYEL01086572.1:15106-15214(-)	66.04
AYEL01026552.1:6048-6163(-)	72.17
AYEL01044959.1:4641-4791(-)	71.88
AYEL01087506.1:20672-20804(+)	73.48
AYEL01074924.1:7726-7854(+)	69.53
AYEL01087168.1:57971-58099(+)	74.73
AYEL01085377.1:4155-4273(+)	62.39
AYEL01064898.1:21721-21850(+)	68.47
AYEL01069690.1:17742-17878(-)	70.15
AYEL01088614.1:14155-14284(-)	82.61
AYEL01083329.1:276183-276311(-)	72.22
AYEL01091053.1:2206-2343(+)	66.17
AYEL01069074.1:35148-35297(+)	73.23
AYEL01074570.1:2393-2507(+)	82.02
AYEL01054132.1:5556-5677(-)	69.42
AYEL01083990.1:5003-5131(-)	77.98
AYEL01075783.1:19368-19516(+)	68.70
AYEL01070650.1:20-153(-)	70.68
AYEL01076226.1:94985-95136(-)	71.43
AYEL01069064.1:36687-36832(+)	73.17
AYEL01076530.1:9029-9162(-)	65.89
AYEL01015535.1:2119-2252(+)	66.15
AYEL01079412.1:51476-51603(-)	68.50
AYEL01054183.1:9402-9512(+)	70.71
AYEL01077268.1:23282-23431(-)	77.17
AYEL01066861.1:7198-7315(-)	68.97
AYEL01091883.1:780-910(-)	65.87
AYEL01083589.1:21180-21330(-)	68.14
AYEL01079286.1:2466-2587(+)	73.27
AYEL01075029.1:5606-5740(-)	69.92
AYEL01050575.1:55-199(+)	71.09
AYEL01091265.1:43496-43618(-)	77.50
AYEL01083995.1:125356-125488(+)	70.00
AYEL01064032.1:6240-6389(-)	72.66
AYEL01079940.1:7353-7492(+)	68.50
AYEL01064826.1:76049-76197(-)	75.00
AYEL01089103.1:2463-2592(-)	68.75
AYEL01089476.1:27287-27429(-)	74.42
AYEL01053357.1:38345-38474(+)	75.22
AYEL01044745.1:3774-3906(-)	68.99
AYEL01078076.1:281-418(+)	75.24
AYEL01060099.1:33493-33622(-)	71.17
AYEL01081484.1:50297-50424(+)	68.47
AYEL01082444.1:8837-8986(+)	72.87
AYEL01086028.1:38779-38893(+)	65.45
AYEL01082349.1:17710-17845(+)	66.42
AYEL01078587.1:42121-42255(-)	71.97
AYEL01063295.1:45609-45717(+)	66.35
AYEL01081649.1:824-950(+)	69.84
AYEL01052737.1:149-280(-)	64.42
AYEL01062741.1:1706-1834(+)	64.84
AYEL01081251.1:26255-26405(-)	70.31
AYEL01071068.1:39231-39358(-)	67.74
AYEL01081950.1:13401-13553(+)	66.18
AYEL01023227.1:563-694(-)	68.99
AYEL01041647.1:0-148(-)	67.94
AYEL01057567.1:5258-5397(-)	66.41
AYEL01075781.1:15718-15848(-)	73.85
AYEL01033691.1:284-414(+)	70.00
AYEL01083011.1:2642-2776(+)	69.47
AYEL01071753.1:39078-39209(-)	72.52
AYEL01083783.1:5313-5427(+)	68.87
AYEL01061981.1:3423-3550(-)	70.40
AYEL01089737.1:48814-48960(-)	76.19
AYEL01014079.1:918-1068(+)	71.88
AYEL01076392.1:4907-5039(-)	69.70
AYEL01088678.1:48683-48807(-)	66.36
AYEL01081215.1:65816-65945(-)	73.81
AYEL01078902.1:12548-12672(+)	70.97
AYEL01081663.1:17915-18032(-)	75.00
AYEL01090972.1:213290-213410(+)	64.17
AYEL01055200.1:4507-4627(-)	66.67
AYEL01089183.1:30799-30927(+)	70.63
AYEL01063557.1:447-577(+)	60.77
AYEL01049335.1:129468-129603(+)	66.36
AYEL01085472.1:1969-2097(+)	69.53
AYEL01016499.1:29023-29155(+)	72.22
AYEL01074504.1:26156-26269(-)	67.62
AYEL01056064.1:92432-92565(+)	69.17
AYEL01057802.1:32312-32462(-)	71.43
AYEL01080016.1:112663-112796(+)	75.73
AYEL01062955.1:51515-51641(-)	70.97
AYEL01053752.1:55-205(-)	66.42
AYEL01055905.1:238-372(+)	70.90
AYEL01085524.1:19135-19260(+)	71.77
AYEL01077280.1:43377-43500(-)	71.54
AYEL01088646.1:26158-26284(-)	66.94
AYEL01085129.1:980-1088(-)	65.62
AYEL01073863.1:27550-27701(+)	66.18
AYEL01076911.1:24380-24516(+)	65.41
AYEL01069323.1:32926-33052(+)	65.12
AYEL01058452.1:67111-67232(-)	72.73
AYEL01085734.1:15134-15255(-)	68.87
AYEL01082741.1:5033-5147(+)	67.54
AYEL01070650.1:3447-3575(+)	64.47
AYEL01085261.1:33257-33381(+)	66.12
AYEL01073101.1:754-887(+)	72.57
AYEL01081821.1:436-567(+)	65.12
AYEL01062949.1:48337-48463(+)	71.77
AYEL01074714.1:26017-26153(-)	67.91
AYEL01068659.1:49505-49632(-)	77.60
AYEL01085935.1:9874-9993(-)	64.71
AYEL01051525.1:5702-5846(-)	69.44
AYEL01072399.1:25986-26135(-)	65.91
AYEL01062084.1:769-891(+)	71.15
AYEL01076375.1:94194-94304(-)	77.27
AYEL01068587.1:30935-31077(-)	69.35
AYEL01084184.1:10799-10917(+)	70.27
AYEL01075776.1:2149-2284(-)	74.44
AYEL01057762.1:44098-44226(+)	63.78
AYEL01039441.1:2470-2581(-)	68.47
AYEL01082950.1:40487-40631(+)	69.53
AYEL01080315.1:16440-16587(+)	76.56
AYEL01070284.1:14-166(+)	78.95
AYEL01057977.1:40540-40671(-)	76.84
AYEL01073931.1:19436-19566(+)	73.64
AYEL01050404.1:2622-2735(-)	81.08
AYEL01074173.1:1233-1360(+)	70.16
AYEL01062957.1:6172-6318(-)	72.44
AYEL01064549.1:10627-10761(+)	73.13
AYEL01052433.1:1132-1254(+)	66.36
AYEL01076749.1:36939-37065(-)	67.21
AYEL01089555.1:6771-6899(-)	70.48
AYEL01053105.1:28700-28850(+)	74.22
AYEL01039892.1:16350-16500(+)	69.70
AYEL01085623.1:37646-37776(+)	69.05
AYEL01080211.1:104998-105132(-)	69.09
AYEL01049471.1:61707-61827(+)	70.30
AYEL01090657.1:19235-19370(+)	62.88
AYEL01061969.1:20654-20789(+)	63.16
AYEL01085542.1:69741-69868(-)	61.11
AYEL01065013.1:5432-5563(-)	66.15
AYEL01064254.1:7529-7658(-)	73.64
AYEL01077348.1:13141-13269(+)	67.19
AYEL01027846.1:2392-2521(-)	64.06
AYEL01086891.1:15338-15476(+)	60.00
AYEL01076235.1:85481-85622(-)	63.78
AYEL01045013.1:34976-35116(-)	71.67
AYEL01067936.1:456-587(+)	70.23
AYEL01058780.1:14138-14286(-)	68.46
AYEL01063301.1:21921-22070(+)	71.09
AYEL01078524.1:4178-4325(-)	76.32
AYEL01073278.1:5908-6041(+)	66.67
AYEL01063491.1:32256-32402(-)	70.54
AYEL01020539.1:36566-36712(+)	71.20
AYEL01084311.1:17594-17728(+)	69.40
AYEL01086995.1:29846-29977(+)	70.23
AYEL01069767.1:13693-13806(+)	66.67
AYEL01026171.1:288-411(+)	65.88
AYEL01089840.1:20051-20200(+)	76.38
AYEL01077794.1:66819-66970(+)	69.92
AYEL01085546.1:10188-10307(-)	70.91
AYEL01089226.1:174-309(+)	63.64
AYEL01076718.1:32509-32652(-)	73.77
AYEL01088286.1:5507-5636(-)	70.31
AYEL01084311.1:12136-12255(-)	70.34
AYEL01072876.1:12894-13042(-)	77.34
AYEL01085449.1:35859-35977(+)	62.07
AYEL01036682.1:136-250(+)	61.95
AYEL01075040.1:3380-3510(-)	72.31
AYEL01022262.1:52-184(-)	69.70
AYEL01087871.1:24758-24894(-)	70.90
AYEL01081975.1:1519-1671(+)	64.71
AYEL01007126.1:102-228(+)	62.96
AYEL01077026.1:38833-38982(-)	70.77
AYEL01058779.1:32972-33104(-)	68.94
AYEL01092186.1:38907-39026(-)	76.84
AYEL01072399.1:26536-26669(-)	67.97
AYEL01025968.1:14960-15077(-)	64.66
AYEL01075199.1:1677-1788(+)	68.97
AYEL01058288.1:544-692(+)	76.38
AYEL01063772.1:22303-22435(-)	72.73
AYEL01077880.1:39975-40085(+)	67.89
AYEL01079009.1:35910-36045(+)	69.92
AYEL01078164.1:3583-3715(-)	78.57
AYEL01071805.1:3146-3283(+)	65.77
AYEL01090575.1:24673-24806(-)	71.97
AYEL01071673.1:49579-49721(+)	71.09
AYEL01079157.1:24888-25007(-)	71.43
AYEL01085020.1:114071-114218(-)	70.31
AYEL01068904.1:4233-4366(-)	68.00
AYEL01068979.1:9922-10040(-)	71.30
AYEL01011126.1:66371-66504(-)	74.44
AYEL01027715.1:114676-114795(-)	67.23
AYEL01062774.1:38713-38852(+)	60.31
AYEL01054098.1:407-523(-)	66.06
AYEL01069909.1:5029-5169(+)	74.80
AYEL01063685.1:30405-30537(-)	77.69
AYEL01081979.1:853-986(+)	66.92
AYEL01084227.1:21998-22127(-)	70.31
AYEL01076722.1:4674-4805(-)	65.62
AYEL01057939.1:61784-61920(+)	61.65
AYEL01083298.1:18347-18475(+)	66.41
AYEL01078424.1:743-874(+)	68.70
AYEL01074730.1:5174-5304(+)	69.23
AYEL01087214.1:17465-17579(+)	75.53
AYEL01087700.1:8703-8812(-)	61.47
AYEL01084107.1:39994-40127(+)	69.92
AYEL01063685.1:31810-31955(-)	60.98
AYEL01060886.1:150090-150203(+)	66.67
AYEL01091513.1:1456-1590(+)	70.15
AYEL01090786.1:5069-5185(-)	69.57
AYEL01085954.1:30357-30515(+)	72.52
AYEL01086852.1:37700-37814(+)	75.00
AYEL01068148.1:6236-6383(-)	73.33
AYEL01071528.1:8129-8248(+)	65.52
AYEL01087246.1:13669-13806(-)	64.93
AYEL01082084.1:8531-8667(-)	54.81
AYEL01091429.1:34402-34638(+)	70.64
AYEL01085424.1:19735-19883(-)	76.42
AYEL01044231.1:336-456(-)	68.33
AYEL01061969.1:20032-20162(-)	68.46
AYEL01084273.1:74483-74630(-)	63.89
AYEL01069097.1:13344-13457(+)	65.49
AYEL01059952.1:18083-18199(-)	62.73
AYEL01040565.1:45200-45317(-)	70.18
AYEL01084950.1:8965-9117(-)	64.71
AYEL01013123.1:9202-9326(+)	67.57
AYEL01087702.1:5944-6078(+)	72.39
AYEL01046883.1:1455-1565(+)	88.46
AYEL01090947.1:2129-2249(+)	71.30
AYEL01077394.1:2912-3031(+)	75.34
AYEL01060706.1:14141-14289(-)	72.52
AYEL01076530.1:9927-10060(-)	64.62
AYEL01070402.1:15603-15736(-)	62.88
AYEL01057324.1:49761-49909(+)	66.67
AYEL01064789.1:16996-17126(+)	61.42
AYEL01073466.1:4706-4837(+)	68.70
AYEL01016307.1:36821-36929(-)	63.46
AYEL01063495.1:45128-45278(+)	71.09
AYEL01077323.1:20927-21061(-)	67.91
AYEL01084582.1:21578-21708(+)	68.46
AYEL01091088.1:18774-18906(-)	68.22
AYEL01085756.1:4672-4801(-)	67.77
AYEL01062579.1:5317-5465(+)	72.87
AYEL01038775.1:9017-9136(+)	73.95
AYEL01043818.1:0-138(-)	64.93
AYEL01058239.1:4859-5000(+)	71.31
AYEL01053933.1:46024-46155(-)	67.94
AYEL01069130.1:7074-7215(-)	81.67
AYEL01029121.1:53517-53651(+)	66.42
AYEL01048205.1:40340-40458(-)	85.25
AYEL01079412.1:51727-51853(-)	70.63
AYEL01080979.1:6624-6770(-)	72.22
AYEL01057035.1:4571-4713(+)	72.80
AYEL01085735.1:39606-39740(-)	72.39
AYEL01070054.1:70585-70733(-)	67.42
AYEL01041530.1:485-605(-)	72.50
AYEL01090947.1:15621-15753(+)	73.08
AYEL01083301.1:86794-86939(-)	70.54
AYEL01085748.1:6321-6471(-)	66.17
AYEL01063685.1:31419-31551(-)	67.42
AYEL01053900.1:313-464(-)	62.69
AYEL01062768.1:7556-7670(-)	63.96
AYEL01060883.1:38914-39049(-)	66.67
AYEL01076922.1:2869-3021(-)	64.44
AYEL01070035.1:28251-28361(+)	67.29
AYEL01076389.1:51733-51882(-)	72.31
AYEL01067293.1:83711-83842(+)	67.94
AYEL01084850.1:59176-59305(-)	71.77
AYEL01080655.1:4957-5103(-)	65.41
AYEL01083691.1:235179-235312(-)	68.42
AYEL01038037.1:3113-3232(+)	63.25
AYEL01079619.1:26251-26383(-)	71.21
AYEL01090138.1:114233-114362(+)	66.40
AYEL01083098.1:48709-48858(-)	72.37
AYEL01059961.1:99-248(+)	72.90
AYEL01087619.1:13419-13529(+)	68.22
AYEL01088243.1:1972-2102(-)	67.26
AYEL01081504.1:26479-26609(+)	71.32
AYEL01052325.1:4149-4286(+)	63.36
AYEL01076749.1:33588-33720(+)	71.54
AYEL01088846.1:2952-3074(-)	75.83
AYEL01081922.1:57862-57998(-)	63.28
AYEL01059638.1:32809-32942(-)	66.92
AYEL01083855.1:27829-27949(+)	66.67
AYEL01058421.1:309-451(+)	70.49
AYEL01090082.1:12536-12665(-)	66.67
AYEL01049451.1:30238-30372(-)	68.94
AYEL01068234.1:22630-22741(-)	80.56
AYEL01077405.1:26662-26786(+)	72.50
AYEL01042955.1:15091-15207(+)	71.55
AYEL01091230.1:34130-34280(-)	66.17
AYEL01069097.1:13212-13341(+)	69.77
AYEL01063541.1:21896-22027(+)	75.86
AYEL01061969.1:31733-31877(+)	69.05
AYEL01084955.1:16573-16723(-)	72.31
AYEL01036052.1:3067-3200(+)	72.93
AYEL01081035.1:31719-31855(+)	69.23
AYEL01085584.1:137671-137805(+)	65.67
AYEL01065147.1:3945-4081(+)	64.55
AYEL01060342.1:16676-16822(+)	72.80
AYEL01072722.1:181-323(+)	62.99
AYEL01065517.1:32142-32276(+)	72.39
AYEL01084710.1:34365-34497(-)	73.87
AYEL01060195.1:28312-28445(-)	68.42
AYEL01042208.1:15108-15218(-)	68.18
AYEL01088728.1:68287-68423(-)	71.17
AYEL01066109.1:12141-12273(-)	71.97
AYEL01086971.1:9856-9977(-)	73.55
AYEL01080395.1:47556-47686(+)	75.38
AYEL01077406.1:8029-8177(-)	74.60
AYEL01081012.1:7699-7847(-)	73.23
AYEL01027367.1:58689-58813(-)	67.27
AYEL01078587.1:52904-53126(+)	72.07
AYEL01070855.1:12759-12880(-)	62.18
AYEL01073278.1:6111-6243(+)	65.83
AYEL01064798.1:6001-6145(+)	72.58
AYEL01044468.1:746-880(+)	71.64
AYEL01085435.1:15526-15646(-)	71.84
AYEL01000779.1:568-682(-)	65.49
AYEL01078587.1:40885-41018(+)	69.92
AYEL01065422.1:5652-5786(+)	75.76
AYEL01037343.1:19416-19537(+)	82.35
AYEL01065201.1:3778-3906(+)	61.11
AYEL01052040.1:34789-34921(-)	63.28
AYEL01057447.1:11270-11401(+)	66.41
AYEL01066531.1:4937-5071(-)	61.83
AYEL01025904.1:2007-2134(+)	70.59
AYEL01079737.1:11806-11934(+)	70.31
AYEL01085464.1:67679-67823(-)	67.46
AYEL01084433.1:12817-12951(-)	69.91
AYEL01082513.1:19164-19291(-)	73.53
AYEL01052448.1:1122-1257(+)	64.18
AYEL01068478.1:37042-37185(+)	75.61
AYEL01085057.1:43255-43369(+)	69.09
AYEL01062734.1:24389-24521(-)	65.91
AYEL01084101.1:4912-5020(+)	77.61
AYEL01083679.1:72930-73062(+)	68.18
AYEL01051306.1:14317-14454(-)	68.18
AYEL01057762.1:44531-44659(+)	62.99
AYEL01063958.1:1827-1963(+)	70.90
AYEL01067564.1:61253-61362(-)	62.86
AYEL01046750.1:2250-2382(-)	69.70
AYEL01074703.1:3469-3592(+)	71.30
AYEL01082531.1:56066-56200(-)	72.32
AYEL01053786.1:7529-7658(+)	75.56
AYEL01017521.1:8216-8348(+)	70.45
AYEL01066222.1:10153-10290(+)	70.00
AYEL01058470.1:11587-11710(-)	74.14
AYEL01066858.1:19087-19203(+)	61.61
AYEL01061969.1:6507-6622(+)	71.30
AYEL01062974.1:15872-16002(-)	71.54
AYEL01080865.1:13063-13198(+)	69.70
AYEL01088141.1:58554-58686(-)	75.00
AYEL01076589.1:7114-7231(-)	77.55
AYEL01079207.1:23509-23633(+)	72.36
AYEL01073435.1:10830-10956(-)	72.73
AYEL01062344.1:43837-43963(+)	72.80
AYEL01055721.1:1516-1652(-)	65.15
AYEL01083007.1:10640-10775(-)	71.43
AYEL01091264.1:13188-13314(+)	71.08
AYEL01046377.1:24581-24723(+)	71.31
AYEL01059221.1:9746-9861(-)	68.52
AYEL01059899.1:14825-14946(-)	73.55
AYEL01069582.1:15301-15432(-)	67.97
AYEL01091882.1:112763-112895(+)	68.94
AYEL01046723.1:2258-2384(+)	67.44
AYEL01060880.1:126-276(+)	78.67
AYEL01091477.1:47025-47166(+)	68.60
AYEL01024699.1:1061-1178(-)	67.89
AYEL01076480.1:30730-30879(+)	73.44
AYEL01076342.1:62770-62904(+)	59.40
AYEL01078659.1:55408-55520(+)	68.75
AYEL01082875.1:27649-27779(-)	68.46
AYEL01058892.1:18561-18686(+)	66.13
AYEL01035862.1:21447-21580(+)	71.58
AYEL01073378.1:9482-9596(-)	66.67
AYEL01052874.1:25922-26054(+)	73.48
AYEL01080159.1:5766-5896(+)	60.16
AYEL01069130.1:6724-6844(-)	69.17
AYEL01075039.1:190273-190403(+)	73.85
AYEL01084575.1:76259-76394(+)	64.66
AYEL01082260.1:112633-112766(+)	71.97
AYEL01088695.1:38108-38235(+)	72.44
AYEL01077329.1:31974-32096(-)	77.88
AYEL01048735.1:701-832(+)	70.99
AYEL01090283.1:4216-4362(-)	72.80
AYEL01079468.1:11347-11478(-)	66.41
AYEL01051077.1:5967-6078(+)	69.23
AYEL01090284.1:13453-13588(-)	59.85
AYEL01066551.1:57114-57262(-)	71.88
AYEL01059980.1:37560-37690(+)	73.95
AYEL01085836.1:10888-11009(+)	73.95
AYEL01038771.1:19932-20076(+)	72.93
AYEL01066438.1:5302-5434(-)	73.48
AYEL01008287.1:33162-33309(+)	76.56
AYEL01085464.1:68229-68362(-)	72.73
AYEL01084003.1:88610-88740(+)	71.54
AYEL01056804.1:31322-31450(+)	74.55
AYEL01083669.1:40647-40756(-)	71.43
AYEL01029913.1:78885-79020(-)	69.23
AYEL01072982.1:14814-14942(-)	77.48
AYEL01087180.1:30337-30485(+)	74.80
AYEL01091020.1:11208-11321(-)	73.33
AYEL01087442.1:35377-35494(-)	69.23
AYEL01087214.1:15564-15699(+)	65.12
AYEL01086044.1:4252-4384(-)	64.06
AYEL01070649.1:7202-7316(+)	65.49
AYEL01089157.1:91804-91937(+)	71.43
AYEL01079367.1:22950-23099(-)	70.45
AYEL01083011.1:23221-23355(+)	69.47
AYEL01038142.1:1640-1760(+)	62.50
AYEL01072399.1:26269-26402(-)	67.97
AYEL01083105.1:29236-29348(+)	75.00
AYEL01077175.1:4011-4141(+)	60.94
AYEL01065843.1:10026-10160(+)	70.63
AYEL01077791.1:11896-12028(-)	73.21
AYEL01046883.1:1705-1815(-)	64.55
AYEL01087293.1:5526-5663(-)	63.16
AYEL01074433.1:507-621(+)	65.49
AYEL01086572.1:262-398(+)	63.16
AYEL01076215.1:114467-114604(+)	73.83
AYEL01076105.1:63306-63440(-)	68.66
AYEL01072347.1:7344-7467(-)	65.04
AYEL01068489.1:16592-16742(-)	74.42
AYEL01054590.1:3840-3949(-)	67.19
AYEL01085935.1:10298-10417(-)	65.55
AYEL01074949.1:6956-7090(+)	73.77
AYEL01091914.1:34601-34735(-)	65.45
AYEL01050332.1:4773-4910(+)	64.55
AYEL01091747.1:6088-6230(+)	72.36
AYEL01038274.1:107-241(+)	69.40
AYEL01066265.1:14474-14610(+)	71.64
AYEL01089363.1:14944-15077(-)	72.18
AYEL01069011.1:3125-3250(+)	67.65
AYEL01091543.1:9632-9740(+)	68.54
AYEL01047501.1:5294-5443(+)	71.65
AYEL01087537.1:167053-167180(+)	71.56
AYEL01039634.1:35924-36058(-)	72.18
AYEL01034098.1:24979-25109(-)	70.77
AYEL01076689.1:34098-34237(+)	73.45
AYEL01090748.1:9525-9654(-)	63.28
AYEL01053287.1:4601-4747(-)	64.94
AYEL01066009.1:126751-126900(-)	72.44
AYEL01081724.1:4079-4211(-)	71.21
AYEL01058988.1:45687-45832(-)	67.72
AYEL01072787.1:49978-50111(+)	70.68
AYEL01053845.1:35548-35681(-)	68.33
AYEL01073863.1:28867-29017(+)	68.66
AYEL01091673.1:58630-58760(+)	69.53
AYEL01074085.1:46917-47055(-)	63.43
AYEL01080016.1:113037-113170(+)	75.73
AYEL01068781.1:26574-26713(-)	71.32
AYEL01073043.1:13873-14005(+)	73.77
AYEL01069072.1:593-724(+)	70.99
AYEL01067792.1:4207-4356(-)	75.00
AYEL01046377.1:29459-29590(-)	69.47
AYEL01084261.1:695-829(-)	72.39
AYEL01069705.1:18990-19116(+)	57.60
AYEL01076244.1:13610-13727(+)	66.67
AYEL01062531.1:19098-19234(+)	61.36
AYEL01081696.1:57437-57588(+)	65.12
AYEL01056797.1:26664-26785(+)	70.25
AYEL01085424.1:72822-72954(-)	73.17
AYEL01031874.1:38813-38944(-)	70.23
AYEL01080409.1:20336-20467(+)	70.18
AYEL01068552.1:4141-4265(-)	66.94
AYEL01086134.1:13894-14025(+)	72.52
AYEL01061969.1:6909-7024(+)	71.30
AYEL01012477.1:3484-3604(-)	66.95
AYEL01022092.1:1285-1414(+)	75.70
AYEL01083996.1:41514-41654(-)	76.23
AYEL01067750.1:1084-1220(+)	65.55
AYEL01069695.1:45350-45483(-)	69.92
AYEL01069073.1:2387-2518(-)	71.76
AYEL01074406.1:6448-6578(+)	68.46
AYEL01062005.1:7333-7460(+)	75.86
AYEL01044169.1:4859-4991(-)	68.18
AYEL01084864.1:23552-23671(+)	73.53
AYEL01032052.1:524-675(-)	71.64
AYEL01046883.1:2568-2683(-)	83.87
AYEL01072432.1:4599-4730(+)	74.26
AYEL01077721.1:357-475(+)	71.43
AYEL01063959.1:14565-14702(+)	62.26
AYEL01085813.1:7956-8081(+)	61.21
AYEL01089608.1:50219-50350(-)	75.97
AYEL01083239.1:26889-27010(+)	65.43
AYEL01068234.1:93476-93621(+)	71.54
AYEL01059720.1:3732-3864(-)	70.99
AYEL01055541.1:11402-11514(+)	75.53
AYEL01069150.1:3982-4106(-)	65.12
AYEL01076689.1:35036-35156(-)	67.50
AYEL01005287.1:3229-3358(+)	74.02
AYEL01063815.1:4523-4668(-)	73.39
AYEL01087321.1:33713-33860(-)	61.48
AYEL01068851.1:65234-65368(-)	72.18
AYEL01067532.1:263372-263503(-)	66.15
AYEL01086316.1:11627-11739(-)	62.16
AYEL01092214.1:20864-20999(-)	73.13
AYEL01075514.1:9536-9686(+)	65.67
AYEL01069323.1:21591-21708(-)	65.52
AYEL01078458.1:11875-11988(+)	64.81
AYEL01091955.1:27567-27691(-)	61.29
AYEL01015680.1:102993-103122(+)	68.99
AYEL01091787.1:22197-22341(+)	75.20
AYEL01038524.1:140-273(-)	68.42
AYEL01063951.1:10025-10174(+)	71.09
AYEL01078614.1:12063-12184(-)	68.33
AYEL01092214.1:21847-21983(-)	71.11
AYEL01032159.1:695-812(+)	95.45
AYEL01081294.1:75199-75331(+)	73.12
AYEL01029269.1:184-299(-)	72.17
AYEL01077927.1:27864-27998(-)	70.68
AYEL01084377.1:13670-13780(-)	68.25
AYEL01063767.1:95475-95607(-)	71.21
AYEL01069457.1:3249-3382(-)	70.99
AYEL01077024.1:39211-39345(+)	70.68
AYEL01058258.1:43091-43220(-)	61.11
AYEL01063179.1:13153-13292(-)	75.42
AYEL01085614.1:18207-18324(+)	70.09
AYEL01083951.1:53181-53332(-)	65.67
AYEL01066743.1:59500-59649(+)	76.80
AYEL01084275.1:51950-52084(+)	75.76
AYEL01087147.1:82687-82968(+,-)	64.89
AYEL01051309.1:26392-26524(+)	72.44
AYEL01032228.1:18010-18126(-)	66.96
AYEL01086491.1:95340-95467(+)	71.96
AYEL01088994.1:85809-85944(-)	72.93
AYEL01084182.1:3812-3932(-)	68.33
AYEL01066645.1:21034-21175(+)	75.38
AYEL01076507.1:71318-71452(+)	69.40
AYEL01084539.1:70961-71090(+)	72.87
AYEL01088495.1:48962-49089(+)	70.63
AYEL01006624.1:507-621(+)	65.49
AYEL01089434.1:4773-4906(-)	68.42
AYEL01065563.1:37342-37476(-)	69.40
AYEL01090748.1:9742-9871(-)	63.28
AYEL01049163.1:78429-78538(-)	65.09
AYEL01089702.1:12911-13037(-)	63.93
AYEL01018098.1:2172-2303(+)	75.86
AYEL01091946.1:11298-11431(+)	71.43
AYEL01013122.1:7089-7225(-)	70.31
AYEL01061402.1:32831-32964(+)	65.65
AYEL01064125.1:9280-9398(-)	74.75
AYEL01090750.1:17818-17936(-)	71.19
AYEL01056447.1:74593-74739(-)	66.15
AYEL01060195.1:25864-25997(-)	68.42
AYEL01080894.1:16507-16646(+)	72.87
AYEL01088311.1:32876-33024(+)	73.44
AYEL01080971.1:20773-20913(+)	69.77
AYEL01056479.1:2122-2232(-)	75.79
AYEL01070336.1:1675-1811(-)	65.41
AYEL01075977.1:56201-56333(-)	66.67
AYEL01087989.1:4359-4488(+)	69.92
AYEL01065592.1:9880-10011(-)	61.54
AYEL01073406.1:24193-24312(-)	70.34
AYEL01080212.1:43445-43577(-)	72.87
AYEL01020539.1:9297-9406(+)	66.02
AYEL01071596.1:4047-4168(-)	68.27
AYEL01091564.1:540-687(-)	76.19
AYEL01090223.1:15574-15707(-)	73.28
AYEL01089890.1:15623-15749(+)	68.85
AYEL01086317.1:55933-56065(+)	69.70
AYEL01078855.1:18326-18444(-)	70.97
AYEL01075785.1:18495-18627(+)	69.70
AYEL01057939.1:61995-62128(+)	61.83
AYEL01079582.1:127648-127777(+)	70.54
AYEL01091245.1:4365-4498(+)	69.92
AYEL01083283.1:1890-2024(+)	62.12
AYEL01088910.1:8772-8906(-)	70.90
AYEL01066713.1:48129-48260(-)	72.66
AYEL01055904.1:14667-14797(+)	65.38
AYEL01083482.1:1041-1152(-)	71.11
AYEL01074315.1:797-915(-)	67.80
AYEL01050045.1:7558-7690(-)	67.42
AYEL01080491.1:7265-7383(-)	73.04
AYEL01085174.1:48977-49113(-)	69.40
AYEL01087995.1:4457-4591(-)	65.62
AYEL01037174.1:22329-22456(-)	68.63
AYEL01060793.1:68138-68265(-)	66.93
AYEL01087368.1:12363-12471(-)	80.43
AYEL01075451.1:22888-23032(+)	75.00
AYEL01060258.1:1356-1468(+)	66.06
AYEL01075580.1:31299-31429(+)	70.77
AYEL01086897.1:62182-62295(+)	67.89
AYEL01064702.1:24029-24144(+)	68.70
AYEL01071719.1:26216-26365(+)	78.23
AYEL01005287.1:5103-5252(+)	72.90
AYEL01076901.1:170786-170903(+)	69.86
AYEL01068478.1:37465-37608(-)	75.61
AYEL01088954.1:13951-14084(-)	72.93
AYEL01008287.1:32990-33138(+)	72.87
AYEL01066743.1:39164-39277(-)	69.72
AYEL01075398.1:64726-64860(-)	76.69
AYEL01077296.1:31792-31905(-)	81.08
AYEL01060886.1:87052-87180(+)	77.66
AYEL01078340.1:848-982(-)	70.15
AYEL01072066.1:33364-33489(-)	71.68
AYEL01067137.1:4214-4331(-)	69.15
AYEL01073402.1:19818-19953(+)	60.98
AYEL01068234.1:91766-91876(-)	68.81
AYEL01062252.1:1469-1603(+)	64.89
AYEL01072164.1:76849-76972(+)	71.31
AYEL01076650.1:41651-41791(+)	60.87
AYEL01029381.1:9524-9660(-)	70.31
AYEL01066203.1:80898-81033(+)	70.90
AYEL01072180.1:24798-24931(+)	72.09
AYEL01043760.1:904-1017(+)	66.36
AYEL01065443.1:11060-11191(+)	60.94
AYEL01072565.1:21351-21482(+)	71.76
AYEL01064653.1:2167-2280(-)	68.18
AYEL01002744.1:8-156(+)	68.46
AYEL01070035.1:27706-27816(+)	67.29
AYEL01082891.1:5763-5906(+)	80.88
AYEL01089557.1:911-1049(+)	61.16
AYEL01070461.1:26342-26464(+)	76.67
AYEL01010070.1:10487-10596(+)	70.87
AYEL01090556.1:35695-35830(+)	70.15
AYEL01022535.1:1862-1993(+)	63.36
AYEL01076907.1:4699-4828(+)	67.74
AYEL01070687.1:29920-30032(-)	65.18
AYEL01075936.1:2853-2974(+)	62.81
AYEL01064710.1:47967-48083(+)	72.97
AYEL01084573.1:15668-15802(-)	68.42
AYEL01081129.1:5600-5731(+)	71.76
AYEL01062400.1:4332-4461(-)	66.40
AYEL01070072.1:9778-9889(+)	78.57
AYEL01080212.1:42819-42967(+)	72.66
AYEL01083090.1:59762-59896(-)	65.38
AYEL01056847.1:49517-49636(+)	67.23
AYEL01086179.1:21821-21961(-)	68.47
AYEL01057716.1:22831-22967(-)	65.91
AYEL01085675.1:9170-9302(+)	69.47
AYEL01073470.1:13527-13659(-)	68.18
AYEL01070517.1:10552-10694(-)	64.80
AYEL01089890.1:84747-84859(+)	58.33
AYEL01080083.1:70737-70871(+)	73.48
AYEL01078245.1:55144-55287(-)	81.43
AYEL01086144.1:17102-17232(-)	67.20
AYEL01072399.1:25682-25825(-)	77.63
AYEL01074079.1:30565-30701(+)	67.67
AYEL01073400.1:17465-17583(-)	66.37
AYEL01091761.1:9094-9205(+)	68.27
AYEL01073749.1:8201-8334(+)	66.92
