AYEL01091000.1:16697-16974(-)	70.07
AYEL01054784.1:5370-5646(+)	75.98
AYEL01076603.1:2077-2365(+)	68.48
AYEL01061145.1:42517-42785(+)	72.16
AYEL01082191.1:61853-62121(-)	72.32
AYEL01044417.1:1-249(-)	71.20
AYEL01085044.1:20398-20659(-)	73.52
AYEL01084874.1:114416-114688(-)	71.09
AYEL01078441.1:11227-11502(+)	73.25
AYEL01060028.1:7103-7374(-)	73.78
AYEL01072688.1:15777-16056(+)	75.28
AYEL01079350.1:2833-3139(-)	76.39
AYEL01071354.1:21163-21571(+,-)	67.72
AYEL01059152.1:4960-5236(+)	75.32
AYEL01072290.1:54448-54709(+)	71.21
AYEL01091391.1:1433-1709(+)	76.29
AYEL01066157.1:13768-14061(-)	71.14
AYEL01067395.1:45238-45512(-)	73.16
AYEL01088284.1:35555-35853(-)	75.73
AYEL01071629.1:12342-12625(+)	76.27
AYEL01078587.1:129623-129861(-)	65.96
AYEL01067763.1:8889-9160(+)	69.30
AYEL01060718.1:13722-13994(+)	73.33
AYEL01081748.1:40365-40649(-)	70.36
AYEL01058711.1:2892-3169(+)	70.07
AYEL01072110.1:811-1108(-)	73.08
AYEL01081000.1:22413-22701(-)	69.78
AYEL01075378.1:9387-9685(+)	70.59
AYEL01088873.1:41808-42046(-)	74.13
AYEL01072857.1:44486-44749(+)	70.97
AYEL01069921.1:7215-7480(-)	73.66
AYEL01072374.1:14342-14623(-)	67.74
AYEL01050533.1:8233-8528(-)	70.14
AYEL01024923.1:103414-103660(+)	79.21
AYEL01059463.1:10856-11149(-)	69.23
AYEL01089750.1:63089-63430(+)	72.32
AYEL01052932.1:47875-48153(-)	71.27
AYEL01078055.1:10589-10865(+)	75.66
AYEL01071422.1:12116-12394(-)	75.76
AYEL01084589.1:10783-11131(+)	71.17
AYEL01081993.1:142345-142637(-)	71.38
AYEL01071357.1:428-707(-)	71.96
AYEL01083426.1:18395-18679(-)	76.82
AYEL01081161.1:58379-58666(-)	72.29
AYEL01069424.1:50447-50733(-)	72.03
AYEL01088415.1:11181-11453(+)	74.89
AYEL01084497.1:10011-10297(-)	74.14
AYEL01049931.1:51262-51519(-)	74.78
AYEL01084924.1:122462-122755(-)	65.41
AYEL01050255.1:946-1289(+)	70.13
AYEL01071406.1:16113-16398(+)	72.22
AYEL01079591.1:3522-3796(+)	74.89
AYEL01083776.1:27281-27534(+)	71.91
AYEL01081208.1:21629-21904(+)	71.79
AYEL01054833.1:128178-128437(-)	70.40
AYEL01055135.1:7528-7795(+)	74.89
AYEL01066157.1:12380-12639(+)	73.58
AYEL01080312.1:86072-86340(+)	66.79
AYEL01067425.1:4823-5093(+)	72.00
AYEL01090091.1:34127-34423(+)	70.14
AYEL01085430.1:335-586(-)	68.83
AYEL01034911.1:8013-8260(+)	75.23
AYEL01064251.1:1239-1479(+)	73.54
AYEL01065299.1:4284-4557(+)	72.16
AYEL01079185.1:5210-5486(-)	73.62
AYEL01006640.1:2984-3278(-)	69.10
AYEL01055281.1:37711-38002(-)	70.03
AYEL01086202.1:6967-7246(+)	74.89
AYEL01056798.1:2240-2515(-)	73.31
AYEL01091584.1:55356-55650(+)	72.13
AYEL01089427.1:14966-15241(+)	72.87
AYEL01089734.1:8829-9100(-)	66.67
AYEL01050762.1:12744-12989(-)	74.29
AYEL01076723.1:16378-16650(+)	71.76
AYEL01082448.1:14658-14932(+)	69.89
AYEL01078443.1:30124-30407(+)	70.64
AYEL01055057.1:5391-5675(+)	70.36
AYEL01067664.1:1007-1302(-)	75.32
AYEL01049571.1:20045-20326(-)	69.93
AYEL01081457.1:2208-2551(-)	73.33
AYEL01091811.1:26671-26980(+)	74.33
AYEL01085401.1:4588-4883(-)	73.05
AYEL01060696.1:30927-31224(+)	69.97
AYEL01058239.1:34255-34542(+)	71.81
AYEL01084579.1:4851-5128(+)	70.77
AYEL01084248.1:53745-54043(+)	71.53
AYEL01064097.1:20952-21211(+)	59.27
AYEL01068432.1:5191-5467(+)	75.97
AYEL01080089.1:18885-19197(-)	75.97
AYEL01085542.1:200140-200415(-)	75.97
AYEL01029814.1:12694-12989(+)	69.26
AYEL01009844.1:14831-15073(-)	73.44
AYEL01089278.1:6415-6710(-)	70.88
AYEL01058259.1:50128-50401(+)	76.09
AYEL01088351.1:9687-9976(+)	71.13
AYEL01083153.1:74931-75222(+)	72.47
AYEL01059636.1:15277-15594(-)	74.65
AYEL01091659.1:2394-2699(-)	77.18
AYEL01091322.1:11301-11594(+)	68.86
AYEL01056844.1:19422-19972(+,-)	64.55
AYEL01088103.1:20822-21119(+)	73.87
AYEL01083851.1:29533-29807(+)	73.19
AYEL01073714.1:2376-2626(-)	72.43
AYEL01054863.1:20217-20491(-)	74.25
AYEL01072892.1:17842-18103(-)	74.22
AYEL01063140.1:3449-3726(+)	71.60
AYEL01082260.1:91879-92165(+)	72.08
AYEL01082823.1:4346-4613(+)	73.33
AYEL01086630.1:28287-28569(+)	67.99
AYEL01063962.1:12651-12943(-)	71.67
AYEL01065530.1:18509-18805(-)	69.34
AYEL01067664.1:543-832(+)	73.21
AYEL01087414.1:18989-19256(+)	73.09
AYEL01065322.1:53441-53726(-)	70.52
AYEL01073883.1:22280-22548(+)	72.73
AYEL01086333.1:1716-2008(+)	70.63
AYEL01086587.1:7071-7347(-)	72.22
AYEL01073615.1:2459-2726(+)	75.11
AYEL01084113.1:7161-7438(+)	72.77
AYEL01044470.1:17092-17376(+)	72.14
AYEL01065253.1:16594-17131(-)	65.25
AYEL01052036.1:19007-19303(-)	73.94
AYEL01076235.1:48648-48965(+)	77.35
AYEL01079114.1:34355-34643(-)	71.53
AYEL01074942.1:37908-38147(+)	67.53
AYEL01020765.1:501-775(-)	72.73
AYEL01079132.1:37728-38019(+)	70.24
AYEL01055057.1:5862-6139(-)	70.07
AYEL01057189.1:16309-16582(-)	70.23
AYEL01079410.1:11575-11858(+)	75.43
AYEL01079207.1:7481-7753(+)	74.56
AYEL01071406.1:16687-16985(-)	69.79
AYEL01065329.1:2865-3109(+)	70.00
AYEL01050762.1:12332-12572(+)	72.19
AYEL01084532.1:76742-77021(-)	71.11
AYEL01073146.1:428-721(-)	70.63
AYEL01055864.1:9771-10008(+)	76.68
AYEL01068552.1:8680-8987(+)	71.43
AYEL01052376.1:9063-9336(+)	73.45
AYEL01035468.1:11203-11464(+)	76.68
AYEL01068008.1:764-1044(-)	70.74
AYEL01075290.1:476-767(-)	71.18
AYEL01061287.1:4308-4584(+)	70.37
AYEL01060488.1:20684-20945(+)	62.45
AYEL01040061.1:9684-9965(-)	70.82
AYEL01081868.1:654-944(-)	71.63
AYEL01091291.1:8566-8804(+)	74.50
AYEL01050533.1:28408-28681(-)	73.01
AYEL01062279.1:3880-4146(-)	74.57
AYEL01063455.1:2224-2508(+)	71.43
AYEL01049046.1:33047-33331(-)	69.63
AYEL01077960.1:71112-71389(-)	73.28
AYEL01079132.1:38211-38485(-)	75.22
AYEL01086003.1:10156-10431(-)	72.73
AYEL01084237.1:22859-23128(+)	68.30
AYEL01079497.1:1111-1393(-)	75.32
AYEL01074986.1:49100-49381(-)	70.59
AYEL01070274.1:1376-1668(-)	71.28
AYEL01083458.1:31886-32161(+)	73.91
AYEL01019665.1:118-418(-)	76.19
AYEL01078669.1:13113-13401(-)	72.14
AYEL01076992.1:25106-25391(+)	72.69
AYEL01081024.1:8392-8685(+)	71.97
AYEL01064505.1:28807-29095(-)	71.63
AYEL01074468.1:2712-3007(+)	71.48
AYEL01068506.1:35037-35289(-)	74.88
AYEL01082271.1:41210-41504(+)	71.23
AYEL01080529.1:11856-12146(-)	70.88
AYEL01072085.1:591-958(-)	62.11
AYEL01073830.1:13439-13692(+)	64.43
AYEL01089296.1:106433-106732(+)	71.28
AYEL01062834.1:26139-26418(+)	67.92
AYEL01053966.1:50-310(-)	72.04
AYEL01072135.1:30574-30855(+)	74.14
AYEL01066195.1:15209-15481(-)	74.67
AYEL01066794.1:878-1138(-)	68.13
AYEL01086212.1:42844-43121(+)	72.41
AYEL01074160.1:46319-46598(-)	73.50
AYEL01077702.1:239008-239299(+)	68.88
AYEL01042804.1:43874-44132(-)	73.58
AYEL01052484.1:1993-2273(+)	71.11
AYEL01070133.1:13673-13966(-)	71.18
AYEL01083379.1:48199-48462(+)	75.93
AYEL01066411.1:9245-9533(-)	71.68
AYEL01084182.1:26989-27262(-)	71.54
AYEL01069191.1:235-512(+)	70.07
AYEL01008731.1:3853-4139(+)	70.98
AYEL01085319.1:91513-91796(+)	74.72
AYEL01028044.1:11849-12122(-)	75.00
AYEL01080089.1:18471-18735(+)	68.75
AYEL01070715.1:2726-2958(-)	75.63
AYEL01036072.1:4705-5013(-)	68.33
AYEL01077390.1:35236-35514(+)	71.85
AYEL01079148.1:8755-9045(-)	71.73
AYEL01087862.1:6591-6866(-)	76.60
AYEL01048734.1:4979-5271(+)	70.28
AYEL01066808.1:141212-141516(-)	74.74
AYEL01065630.1:3407-3688(+)	70.41
AYEL01054328.1:18757-19029(+)	71.21
AYEL01054183.1:28788-29062(-)	74.24
AYEL01067630.1:36763-37049(+)	70.67
AYEL01052469.1:15172-15444(+)	73.11
AYEL01022423.1:50520-50786(+)	71.62
AYEL01066443.1:21645-21919(+)	71.86
AYEL01078729.1:29446-29728(-)	73.19
AYEL01006427.1:897-1183(+)	70.32
AYEL01084823.1:13226-13516(+)	72.14
AYEL01086915.1:14887-15180(-)	68.90
AYEL01042495.1:8586-8873(-)	69.75
AYEL01080250.1:51338-51625(-)	71.68
AYEL01076723.1:16949-17229(-)	72.22
AYEL01043956.1:16191-16468(+)	75.11
AYEL01082260.1:92544-92834(-)	71.76
AYEL01043108.1:469-753(-)	72.44
AYEL01086630.1:28740-29009(-)	74.36
AYEL01088919.1:16901-17187(+)	59.45
AYEL01054376.1:180-475(-)	67.74
AYEL01077402.1:3735-4066(+)	74.81
AYEL01033185.1:12228-12493(-)	69.96
AYEL01078402.1:4063-4353(+)	71.07
AYEL01069793.1:19772-20014(-)	70.29
AYEL01056797.1:30826-31086(+)	71.15
AYEL01036563.1:0-237(+)	71.16
AYEL01057933.1:53104-53483(+)	72.10
AYEL01050355.1:6144-6420(-)	72.53
AYEL01079807.1:2909-3156(-)	74.27
AYEL01060677.1:3527-3796(-)	70.54
AYEL01072180.1:4312-4606(-)	69.50
AYEL01083641.1:101669-101922(-)	77.03
AYEL01074952.1:77289-77573(-)	76.99
AYEL01078122.1:715-1115(-)	69.01
AYEL01082457.1:21715-22013(-)	68.99
AYEL01062279.1:2652-2948(+)	71.08
AYEL01079382.1:503-775(-)	68.40
AYEL01088128.1:29536-29820(+)	73.36
AYEL01078311.1:50764-51039(+)	73.59
AYEL01091786.1:3100-3331(-)	64.47
AYEL01068222.1:20474-20756(+)	71.22
AYEL01088941.1:8839-9080(+)	68.34
AYEL01085396.1:14683-14952(-)	68.09
AYEL01076911.1:6255-6529(+)	74.01
AYEL01058259.1:11313-11613(+)	81.12
AYEL01060328.1:28778-29064(-)	69.42
AYEL01082923.1:2356-2646(-)	70.88
AYEL01034991.1:70163-70405(+)	68.25
AYEL01091951.1:18391-18681(+)	77.02
AYEL01057933.1:54004-54277(-)	69.29
AYEL01034357.1:27680-27948(+)	71.26
AYEL01071401.1:3927-4214(-)	70.86
AYEL01084874.1:112268-112595(+)	75.54
AYEL01077572.1:23118-23404(-)	69.61
AYEL01066790.1:77636-77886(+)	58.02
AYEL01072615.1:41040-41308(-)	71.37
AYEL01069426.1:65005-65274(+)	73.16
AYEL01063471.1:1965-2240(+)	71.86
AYEL01067913.1:7405-7703(-)	76.50
AYEL01054833.1:127574-127885(+)	74.91
AYEL01025760.1:26655-26899(+)	68.88
AYEL01086664.1:20105-20390(+)	69.41
AYEL01073525.1:28017-28293(+)	69.26
AYEL01091391.1:1882-2161(-)	72.46
AYEL01089113.1:36852-37168(+)	75.43
AYEL01092090.1:20564-20848(-)	72.56
AYEL01079693.1:6700-6963(-)	75.34
AYEL01082006.1:12058-12314(+)	73.12
AYEL01072098.1:47915-48189(+)	73.19
AYEL01066814.1:53412-53687(+)	74.56
AYEL01071240.1:27486-27744(-)	72.40
AYEL01088118.1:43738-44024(-)	69.64
AYEL01071240.1:27034-27312(+)	70.18
AYEL01062037.1:16828-17129(-)	68.88
AYEL01054591.1:52756-53029(+)	74.03
AYEL01073525.1:28468-28748(-)	73.62
AYEL01069170.1:1366-1643(-)	75.74
AYEL01029453.1:11970-12299(+)	74.56
AYEL01067553.1:20883-21162(-)	73.91
AYEL01068150.1:482-765(+)	71.73
AYEL01069426.1:65431-65708(-)	71.90
AYEL01080485.1:11148-11441(-)	69.79
AYEL01049037.1:9984-10301(-)	73.13
AYEL01088762.1:32501-32806(-)	65.05
AYEL01073940.1:14204-14491(+)	68.70
AYEL01086347.1:20106-20390(-)	74.47
AYEL01056588.1:9784-10061(+)	70.74
AYEL01043964.1:4791-5065(+)	74.03
AYEL01057175.1:13328-13633(+)	75.74
AYEL01059651.1:20451-20730(-)	69.06
AYEL01055621.1:50493-50770(+)	72.96
AYEL01084789.1:10333-10607(-)	74.33
AYEL01071829.1:3989-4278(+)	70.36
AYEL01060143.1:5902-6195(+)	70.24
AYEL01085593.1:19607-19914(+)	73.36
AYEL01091134.1:17232-17503(-)	72.89
AYEL01086619.1:70222-70458(-)	55.79
AYEL01087664.1:2572-2866(-)	70.14
AYEL01080837.1:5341-5619(-)	68.73
AYEL01058259.1:50578-50842(-)	70.88
AYEL01076429.1:25217-25498(-)	74.73
AYEL01077022.1:16371-16660(-)	71.02
AYEL01014018.1:16-307(-)	69.53
AYEL01081135.1:2893-3190(+)	69.90
AYEL01044098.1:6137-6443(-)	72.59
AYEL01075738.1:32272-32562(+)	71.33
AYEL01072787.1:66337-66630(-)	70.03
AYEL01070274.1:873-1198(+)	69.93
AYEL01074918.1:2603-2879(+)	72.34
AYEL01023226.1:18728-19030(-)	72.59
AYEL01080625.1:150207-150502(-)	71.43
AYEL01087264.1:27020-27286(-)	74.67
AYEL01081932.1:32816-33107(-)	71.93
AYEL01081927.1:21244-21521(-)	71.24
AYEL01090272.1:52282-52550(+)	72.62
AYEL01059276.1:29404-29695(+)	72.32
AYEL01074065.1:14408-14701(-)	69.55
AYEL01022533.1:39024-39262(+)	74.50
AYEL01054327.1:100-387(-)	71.85
AYEL01056423.1:2554-2830(+)	73.39
AYEL01075512.1:15410-15700(-)	70.63
AYEL01087968.1:6480-6726(+)	70.30
AYEL01071401.1:3452-3729(+)	71.74
AYEL01052816.1:3607-3869(+)	77.98
AYEL01069568.1:27696-27986(-)	73.50
AYEL01047329.1:13174-13526(-)	72.82
AYEL01051811.1:7-255(-)	74.43
AYEL01018582.1:393-665(+)	73.66
AYEL01088351.1:10162-10439(-)	75.00
AYEL01053885.1:5903-6170(+)	76.62
AYEL01079185.1:4764-5026(+)	68.73
AYEL01079724.1:14886-15178(+)	68.99
AYEL01086706.1:32156-32513(-)	72.66
AYEL01057109.1:6554-6846(-)	75.77
AYEL01087230.1:13955-14242(+)	72.24
AYEL01077574.1:86652-86908(-)	68.60
AYEL01086155.1:47209-47501(+)	67.26
AYEL01088817.1:21351-21618(-)	69.41
AYEL01062835.1:10727-11002(-)	73.28
AYEL01082563.1:6668-6957(+)	71.73
AYEL01054952.1:163370-163654(+)	69.29
AYEL01080351.1:13069-13329(-)	67.46
AYEL01069921.1:6742-7039(+)	68.33
AYEL01002556.1:0-255(+)	69.96
AYEL01082110.1:10763-11031(+)	70.45
AYEL01081080.1:26728-27007(+)	74.14
AYEL01053885.1:6362-6648(-)	71.53
AYEL01021331.1:22265-22562(-)	75.27
AYEL01056685.1:3961-4256(+)	71.97
AYEL01085287.1:2682-2972(-)	70.88
AYEL01090542.1:11055-11286(-)	72.49
AYEL01078443.1:30617-30914(-)	74.22
AYEL01084890.1:11298-11588(-)	70.38
AYEL01077411.1:32258-32517(+)	73.16
AYEL01071401.1:2557-2844(+)	71.22
AYEL01078669.1:12553-12829(+)	75.56
AYEL01091687.1:7338-7618(-)	70.74
AYEL01069424.1:50785-51055(-)	75.42
AYEL01073988.1:28267-28541(+)	74.36
AYEL01082352.1:6599-6897(-)	71.18
AYEL01031252.1:30864-31185(+)	75.11
AYEL01049473.1:16735-17017(-)	70.26
AYEL01085620.1:296-562(-)	72.73
AYEL01057346.1:8737-9037(+)	69.10
AYEL01075311.1:23161-23437(-)	71.98
AYEL01027296.1:4808-5067(+)	73.08
AYEL01091746.1:48048-48313(-)	72.65
AYEL01077411.1:32799-33085(-)	71.63
AYEL01058575.1:48240-48473(+)	73.03
AYEL01048491.1:707-1034(+)	70.22
AYEL01078201.1:147230-147526(-)	69.29
AYEL01086003.1:8010-8300(+)	69.12
AYEL01065909.1:4437-4690(-)	63.64
AYEL01081836.1:30376-30626(-)	69.80
AYEL01080694.1:54510-54803(+)	68.31
AYEL01087441.1:102121-102418(+)	72.22
AYEL01086664.1:24977-25247(-)	72.44
AYEL01081825.1:5185-5472(-)	74.79
AYEL01067781.1:1019-1301(+)	73.21
AYEL01090594.1:10604-10886(-)	64.32
AYEL01070226.1:81554-81795(+)	61.58
AYEL01073682.1:81403-81685(+)	75.00
AYEL01074313.1:45314-45577(-)	70.87
AYEL01033405.1:0-247(+)	69.58
AYEL01014021.1:87519-87789(+)	70.19
AYEL01082823.1:9747-10031(+)	73.26
AYEL01083851.1:29992-30282(-)	70.88
AYEL01087010.1:10910-11196(+)	70.24
AYEL01092408.1:1384-1622(+)	70.76
AYEL01067332.1:7013-7323(-)	71.28
AYEL01069110.1:7635-7959(+)	74.25
AYEL01074470.1:8483-8807(+)	70.14
AYEL01068036.1:25805-26050(+)	71.85
AYEL01087318.1:23095-23386(+)	68.29
AYEL01066178.1:72826-73100(+)	71.27
AYEL01061229.1:39371-39638(+)	72.20
AYEL01061561.1:35104-35372(-)	75.86
AYEL01077001.1:27919-28209(+)	70.88
AYEL01067968.1:23532-23826(-)	72.47
AYEL01091322.1:11764-12040(-)	75.43
AYEL01063708.1:21199-21461(+)	73.93
AYEL01015680.1:123725-123997(+)	69.55
AYEL01088523.1:46367-46659(+)	71.43
AYEL01056685.1:5177-5585(-)	70.34
AYEL01065708.1:31782-32055(+)	75.76
AYEL01009371.1:57-410(+)	66.86
AYEL01047090.1:104-322(+)	67.14
AYEL01090272.1:52872-53150(-)	69.92
AYEL01067210.1:1546-1908(+)	74.67
AYEL01084486.1:15132-15431(-)	72.95
AYEL01083583.1:25019-25307(-)	70.88
AYEL01083583.1:24575-24837(+)	74.34
AYEL01055135.1:8015-8298(-)	72.14
AYEL01091182.1:19866-20128(-)	77.17
AYEL01084105.1:37314-37581(+)	71.43
AYEL01054183.1:28294-28591(+)	68.86
AYEL01077030.1:40345-40640(-)	71.79
AYEL01073904.1:35439-35735(+)	69.90
AYEL01079303.1:36593-36869(-)	71.05
AYEL01086273.1:15661-15906(-)	77.06
AYEL01087702.1:48940-49181(-)	59.03
AYEL01085319.1:92021-92313(-)	73.20
AYEL01074986.1:48650-48918(+)	75.86
AYEL01088208.1:21022-21311(+)	70.18
AYEL01048643.1:1629-1882(-)	70.93
AYEL01082699.1:20907-21193(+)	72.53
AYEL01083379.1:49422-49689(-)	69.65
AYEL01044470.1:17551-17849(-)	74.78
AYEL01085192.1:19265-19545(+)	70.25
AYEL01082703.1:66496-66815(-)	67.01
AYEL01074570.1:42297-42582(-)	69.05
AYEL01081653.1:4450-4725(-)	73.28
AYEL01090331.1:799-1054(+)	75.23
AYEL01020539.1:444-717(-)	71.67
AYEL01074952.1:76431-76732(+)	70.93
AYEL01065189.1:427-739(+)	76.39
AYEL01024923.1:103751-104060(+)	68.53
AYEL01064228.1:2-274(-)	70.19
AYEL01079035.1:98930-99224(+)	71.48
AYEL01072076.1:5594-5874(-)	71.74
AYEL01082572.1:41779-42147(+)	73.82
AYEL01053076.1:2822-3097(+)	72.88
AYEL01078649.1:32820-33087(+)	72.96
AYEL01081653.1:3839-4145(+)	73.52
AYEL01077683.1:3954-4219(-)	70.27
AYEL01026627.1:269-597(+)	72.35
AYEL01065783.1:34930-35212(-)	75.11
AYEL01063249.1:7084-7361(-)	70.07
AYEL01072833.1:18649-18968(+)	71.67
AYEL01075785.1:33483-33728(+)	63.30
AYEL01055246.1:67956-68291(-)	71.07
AYEL01076911.1:7406-7690(-)	68.24
AYEL01050355.1:5598-5895(+)	72.15
AYEL01075164.1:12421-12659(-)	56.33
AYEL01079151.1:3634-3907(+)	73.48
AYEL01072839.1:3840-4127(-)	69.86
AYEL01072135.1:31355-31647(-)	73.50
AYEL01086805.1:94755-95074(-)	77.02
AYEL01081666.1:66003-66280(-)	70.59
AYEL01087178.1:70591-70875(-)	73.59
AYEL01085093.1:51573-51862(+)	70.46
AYEL01081135.1:1943-2239(+)	69.55
AYEL01074286.1:7559-7885(-)	73.43
AYEL01087497.1:59606-59854(-)	71.77
AYEL01086664.1:12004-12274(-)	72.44
AYEL01065253.1:13793-14064(+)	74.13
AYEL01087154.1:10139-10432(+)	70.49
AYEL01067630.1:35434-35770(+)	75.93
AYEL01087432.1:149520-149779(+)	72.16
AYEL01083570.1:3056-3360(+)	70.59
AYEL01052036.1:18539-18838(+)	75.00
AYEL01053691.1:21248-21525(+)	70.07
AYEL01087501.1:35511-35764(-)	59.75
AYEL01070222.1:151780-152051(+)	72.25
AYEL01079868.1:17593-17876(-)	70.25
AYEL01079792.1:28898-29181(-)	70.21
AYEL01072381.1:1858-2244(+)	68.82
AYEL01080427.1:12684-12973(+)	69.34
AYEL01087383.1:3883-4227(-)	64.20
AYEL01085829.1:10965-11209(-)	73.11
AYEL01080302.1:7289-7583(+)	73.17
AYEL01054805.1:16841-17109(+)	69.84
AYEL01085985.1:2321-2621(+)	69.44
AYEL01068234.1:46079-46354(-)	69.83
AYEL01077197.1:22267-22551(-)	71.48
AYEL01072180.1:3850-4137(+)	70.92
AYEL01091811.1:27140-27430(-)	72.34
AYEL01045703.1:13905-14153(+)	70.30
AYEL01091875.1:3995-4264(-)	74.67
AYEL01075657.1:165-453(+)	72.08
AYEL01077787.1:28027-28311(-)	75.17
AYEL01058711.1:3356-3640(-)	70.36
AYEL01067318.1:1696-1973(+)	78.88
AYEL01066829.1:636-925(-)	68.33
AYEL01077197.1:13653-13916(+)	76.86
AYEL01063249.1:6613-6897(+)	70.36
AYEL01087673.1:14759-15118(-)	67.71
AYEL01062992.1:20870-21162(+)	71.78
AYEL01085160.1:7616-7876(+)	71.00
AYEL01081789.1:71231-71496(+)	71.43
AYEL01091766.1:100544-100830(-)	71.68
AYEL01087441.1:102609-102876(-)	74.04
AYEL01074830.1:29009-29282(+)	75.65
AYEL01083371.1:12431-12709(-)	75.64
AYEL01071465.1:4011-4295(+)	70.36
AYEL01063792.1:20095-20387(+)	70.49
AYEL01080476.1:37527-37801(-)	74.35
AYEL01055864.1:10236-10525(-)	72.18
AYEL01070120.1:14317-14567(-)	70.17
AYEL01090321.1:6455-6725(-)	69.78
AYEL01080694.1:54977-55241(-)	75.66
AYEL01090393.1:20092-20410(-)	74.47
AYEL01078841.1:23731-24005(-)	74.25
AYEL01072098.1:48374-48664(-)	70.88
AYEL01066575.1:2368-2745(+)	64.95
AYEL01082739.1:45529-45793(+)	70.27
AYEL01058710.1:53174-53440(-)	73.21
AYEL01039384.1:26441-26711(-)	73.13
AYEL01078923.1:12676-12947(+)	75.11
AYEL01075414.1:1580-1853(+)	72.12
AYEL01071141.1:6416-6708(-)	70.73
AYEL01027719.1:74408-74694(-)	70.71
AYEL01006640.1:2524-2804(+)	70.29
AYEL01090393.1:19635-19928(+)	70.49
AYEL01067091.1:20522-20812(+)	69.12
AYEL01087222.1:11916-12207(+)	69.12
AYEL01077529.1:83434-83726(+)	69.93
AYEL01073099.1:1747-2031(-)	71.91
AYEL01084515.1:49673-49941(-)	72.73
AYEL01086360.1:84624-84909(+)	70.18
AYEL01086913.1:47975-48267(-)	73.50
AYEL01074518.1:244-493(-)	65.43
AYEL01072494.1:67935-68192(+)	75.22
AYEL01092312.1:95631-95925(+)	73.02
AYEL01077334.1:11842-12136(+)	69.69
AYEL01052685.1:584-948(+)	74.74
AYEL01076708.1:22821-23058(-)	64.29
AYEL01083522.1:2826-3100(+)	70.72
AYEL01052383.1:49120-49367(+)	74.89
AYEL01074485.1:111022-111291(-)	70.99
AYEL01072661.1:35931-36219(-)	70.07
AYEL01083458.1:32372-32658(-)	72.04
AYEL01081791.1:507-794(-)	74.67
AYEL01071898.1:22608-22883(+)	74.57
AYEL01063539.1:34485-34738(-)	71.91
AYEL01085653.1:8307-8600(-)	70.18
AYEL01060784.1:4986-5289(+)	67.64
AYEL01072402.1:4236-4515(+)	76.12
AYEL01069468.1:18188-18485(-)	71.18
AYEL01091265.1:1398-1665(+)	73.91
AYEL01072559.1:61332-61602(-)	75.00
AYEL01071465.1:4482-4759(-)	70.07
AYEL01059152.1:5425-5717(-)	71.63
AYEL01071540.1:62563-62860(-)	74.13
AYEL01090462.1:190-458(-)	74.45
AYEL01063708.1:21628-21908(-)	70.21
AYEL01054817.1:4326-4601(+)	71.11
AYEL01088107.1:18131-18411(-)	70.63
AYEL01055333.1:42423-42680(+)	91.89
AYEL01059835.1:13808-14090(+)	68.38
AYEL01052764.1:75071-75377(-)	72.66
AYEL01087328.1:26737-27031(-)	69.26
AYEL01077707.1:23311-23687(+)	64.39
AYEL01078498.1:29723-30020(-)	72.13
AYEL01091149.1:249-494(+)	74.15
AYEL01059534.1:15470-15746(-)	68.38
AYEL01058206.1:2785-3068(+)	70.76
AYEL01062991.1:2165-2528(+)	67.14
AYEL01078080.1:41175-41492(-)	71.37
AYEL01089165.1:3540-3803(+)	65.61
AYEL01084890.1:10596-10853(+)	76.04
AYEL01087154.1:10460-10753(+)	70.83
AYEL01069122.1:150-430(-)	70.00
AYEL01076209.1:2427-2685(-)	90.41
AYEL01070402.1:192-530(+)	81.21
AYEL01052764.1:74626-74901(+)	74.44
AYEL01065783.1:34500-34779(+)	69.31
AYEL01068222.1:20942-21224(-)	70.04
AYEL01081068.1:74281-74649(-)	82.07
AYEL01084422.1:77280-77571(-)	73.52
AYEL01065818.1:205-549(-)	74.90
AYEL01084532.1:76270-76562(+)	68.40
AYEL01079707.1:18567-18846(+)	75.74
AYEL01085931.1:21125-21509(+)	69.01
AYEL01043058.1:220-482(+)	73.19
AYEL01067609.1:35732-35975(-)	70.93
AYEL01084831.1:1340-1626(+)	72.70
AYEL01060646.1:2180-2465(+)	70.82
AYEL01060566.1:15273-15547(+)	75.00
AYEL01083098.1:33110-33401(-)	70.73
AYEL01027899.1:30520-30819(-)	70.33
AYEL01082923.1:1897-2172(+)	73.73
AYEL01070101.1:16407-16678(-)	73.68
AYEL01070441.1:9389-9668(+)	75.71
AYEL01075010.1:16010-16300(-)	77.25
AYEL01086212.1:43316-43602(-)	67.73
AYEL01069695.1:23806-24038(-)	77.90
AYEL01081329.1:35880-36163(-)	71.69
AYEL01081836.1:29838-30110(+)	69.74
AYEL01073549.1:26719-27040(-)	68.29
AYEL01055334.1:88245-88538(-)	68.90
AYEL01068833.1:24444-24718(-)	69.29
AYEL01023226.1:17941-18240(+)	71.09
AYEL01042804.1:43397-43685(+)	68.66
AYEL01061138.1:3747-4034(+)	73.78
AYEL01069756.1:4225-4513(+)	71.71
AYEL01070133.1:12860-13142(+)	70.37
AYEL01076235.1:56289-56539(-)	72.58
AYEL01029288.1:153070-153368(+)	72.88
AYEL01086664.1:21260-21536(-)	74.24
AYEL01069756.1:4679-4974(-)	71.08
AYEL01073608.1:9444-9700(-)	57.62
AYEL01086864.1:110079-110314(+)	56.77
AYEL01082016.1:34092-34365(-)	73.36
AYEL01074571.1:35092-35390(-)	68.99
AYEL01073714.1:1866-2156(+)	72.13
AYEL01073940.1:16513-16873(+)	74.22
AYEL01090467.1:3722-4001(-)	72.53
AYEL01090467.1:3253-3543(+)	70.92
AYEL01087598.1:35129-35437(-)	73.76
AYEL01088762.1:32043-32319(+)	75.11
AYEL01090461.1:34401-34689(+)	69.61
AYEL01070331.1:43142-43394(-)	77.34
AYEL01058206.1:3243-3522(-)	71.55
AYEL01070333.1:8127-8395(-)	74.57
AYEL01066157.1:18576-18868(-)	67.82
AYEL01059160.1:40560-40846(-)	68.31
AYEL01056798.1:1765-2055(+)	70.18
AYEL01070017.1:95564-95833(+)	74.89
AYEL01085960.1:17177-17477(-)	68.75
AYEL01077572.1:22675-22944(+)	73.66
AYEL01067763.1:9291-9580(-)	67.84
AYEL01046147.1:8288-8555(-)	75.11
AYEL01081929.1:21499-21791(-)	61.11
AYEL01089745.1:4992-5264(-)	70.85
AYEL01039603.1:1674-1943(-)	74.34
AYEL01081068.1:75306-75674(-)	83.45
AYEL01077402.1:4882-5271(-)	70.72
AYEL01072754.1:1892-2167(-)	69.49
AYEL01056236.1:5110-5382(-)	74.58
AYEL01043224.1:39372-39653(-)	69.71
AYEL01068240.1:4553-4845(+)	70.83
AYEL01070983.1:40127-40404(+)	70.52
AYEL01084565.1:12291-12608(+)	73.08
AYEL01080954.1:36237-36523(+)	67.58
AYEL01087346.1:16265-16536(-)	72.77
AYEL01086215.1:14820-15104(+)	69.89
AYEL01022127.1:4347-4637(-)	70.88
AYEL01082163.1:22765-23027(-)	76.00
AYEL01043478.1:6722-6996(+)	71.37
AYEL01087432.1:150058-150335(-)	72.96
AYEL01074845.1:44958-45227(-)	70.92
AYEL01091182.1:19386-19675(+)	70.18
AYEL01061540.1:3597-3972(+)	64.96
AYEL01071523.1:324-596(-)	73.57
AYEL01080436.1:5448-5735(-)	70.07
AYEL01068263.1:12986-13262(+)	71.55
AYEL01067568.1:68775-69062(+)	72.86
AYEL01073940.1:26109-26402(-)	70.24
AYEL01044467.1:18983-19286(+)	74.79
AYEL01065755.1:85053-85332(+)	70.37
AYEL01078952.1:2940-3216(+)	73.71
AYEL01082557.1:2770-3047(-)	75.23
AYEL01077529.1:83914-84188(-)	73.62
AYEL01063885.1:3292-3572(+)	74.68
AYEL01081457.1:1536-1816(+)	73.00
AYEL01055281.1:37231-37471(+)	77.06
AYEL01080357.1:11614-11911(+)	77.54
AYEL01085740.1:8-324(-)	77.54
AYEL01074249.1:65192-65496(-)	77.02
AYEL01085047.1:49335-49625(+)	66.67
AYEL01061915.1:29985-30249(+)	75.23
AYEL01069192.1:24748-25020(-)	74.47
AYEL01053726.1:2983-3256(-)	74.67
AYEL01047979.1:153-444(+)	68.88
AYEL01067745.1:35096-35355(-)	74.76
AYEL01057406.1:102141-102417(-)	71.69
AYEL01035488.1:2317-2609(+)	74.11
AYEL01072576.1:10415-10649(+)	66.97
AYEL01080891.1:1523-1835(-)	74.90
AYEL01064556.1:21451-21719(+)	75.21
AYEL01082573.1:26159-26451(+)	67.38
AYEL01082823.1:10253-10526(-)	75.44
AYEL01086215.1:16046-16284(-)	66.99
AYEL01084105.1:37907-38165(-)	76.19
AYEL01073690.1:57307-57603(+)	73.62
AYEL01070010.1:3643-3920(+)	74.78
AYEL01063774.1:41005-41302(+)	63.67
AYEL01067214.1:1539-1837(+)	73.28
AYEL01087346.1:15788-16085(+)	72.03
AYEL01029453.1:12484-12754(-)	69.03
AYEL01073940.1:14659-15018(-)	74.48
AYEL01057562.1:45-315(-)	69.26
AYEL01081141.1:3391-3680(+)	72.44
AYEL01082006.1:12452-12725(-)	72.61
AYEL01088754.1:6499-6756(+)	73.50
AYEL01072383.1:129148-129437(+)	72.79
AYEL01061791.1:34688-35035(-)	71.30
AYEL01079708.1:495-786(-)	70.18
AYEL01074249.1:63748-64039(-)	69.93
AYEL01076992.1:97535-97794(+)	67.20
AYEL01070622.1:18219-18502(+)	73.70
AYEL01074160.1:47537-47979(+)	67.51
AYEL01062634.1:1254-1518(-)	70.61
AYEL01044810.1:45-327(-)	68.89
AYEL01066443.1:22241-22506(-)	74.79
AYEL01089523.1:9457-9732(-)	72.76
AYEL01071767.1:3699-3970(-)	72.81
AYEL01087420.1:1486-1758(+)	72.37
AYEL01050533.1:7693-7974(+)	71.67
AYEL01074830.1:29468-29758(-)	70.73
AYEL01089247.1:1365-1658(-)	72.76
AYEL01059227.1:329-584(-)	67.40
AYEL01083239.1:68848-69140(-)	70.73
AYEL01065086.1:15377-15638(-)	73.61
AYEL01069529.1:69662-69943(+)	75.43
AYEL01076235.1:26282-26556(-)	73.16
AYEL01065253.1:16337-16585(-)	70.31
AYEL01087264.1:26535-26831(+)	71.11
AYEL01071927.1:25519-25773(-)	73.73
AYEL01085487.1:623-891(+)	69.08
AYEL01033591.1:7335-7611(+)	72.53
AYEL01071373.1:6111-6365(-)	75.66
AYEL01038437.1:106-399(+)	72.41
AYEL01063412.1:25983-26293(+)	74.36
AYEL01077213.1:25616-25890(+)	72.41
AYEL01080373.1:17388-17702(-)	73.47
AYEL01029814.1:13183-13454(-)	71.85
AYEL01081202.1:636-937(-)	68.73
AYEL01010170.1:304-596(-)	70.63
AYEL01087899.1:3548-3838(-)	70.98
AYEL01069220.1:1282-1574(-)	70.28
AYEL01062024.1:1438-1685(+)	66.39
AYEL01079591.1:4673-4977(-)	72.55
AYEL01085767.1:12723-13012(-)	71.79
AYEL01067578.1:7347-7598(+)	62.38
AYEL01061969.1:22140-22387(-)	68.42
AYEL01057346.1:9209-9490(-)	70.00
AYEL01038437.1:1301-1576(-)	71.86
AYEL01080054.1:3636-3927(-)	69.34
AYEL01008731.1:4337-4605(-)	76.62
AYEL01089619.1:7195-7480(-)	70.46
AYEL01074035.1:1635-1884(+)	59.83
AYEL01032855.1:24131-24427(-)	68.64
AYEL01089197.1:39420-39707(+)	70.97
AYEL01089556.1:12398-12662(+)	69.47
AYEL01089284.1:12124-12399(+)	72.41
AYEL01085113.1:34286-34587(+)	71.33
AYEL01091584.1:55840-56114(-)	74.25
AYEL01090490.1:64363-64637(+)	74.35
AYEL01040563.1:111916-112202(+)	71.38
AYEL01089266.1:10706-11024(+)	67.67
AYEL01049819.1:27186-27461(-)	74.15
AYEL01057189.1:14972-15250(+)	71.86
AYEL01073308.1:3300-3578(+)	71.64
AYEL01087979.1:165984-166271(-)	70.32
AYEL01079402.1:19981-20247(+)	72.80
AYEL01064256.1:6150-6405(+)	65.58
AYEL01056236.1:4675-4919(+)	66.39
AYEL01085475.1:3617-3909(+)	73.62
AYEL01042495.1:2831-3121(+)	70.88
AYEL01054827.1:5154-5428(+)	72.34
AYEL01067781.1:1505-1842(-)	76.72
AYEL01085716.1:33567-33851(-)	67.84
AYEL01092127.1:80-352(-)	72.57
AYEL01079181.1:74688-74962(+)	74.04
AYEL01047250.1:339-654(-)	72.57
AYEL01076209.1:1519-1793(+)	74.01
AYEL01077022.1:15929-16205(+)	74.25
AYEL01076017.1:64418-64700(-)	71.68
AYEL01079207.1:7871-8161(-)	70.38
AYEL01039603.1:815-1276(+)	72.29
AYEL01073308.1:3796-4088(-)	70.63
AYEL01057069.1:55642-55882(-)	67.13
AYEL01080549.1:37013-37278(-)	62.36
AYEL01084379.1:23598-23853(-)	70.93
AYEL01087383.1:3214-3512(+)	77.59
AYEL01080529.1:11397-11671(+)	74.04
AYEL01043468.1:58436-58716(+)	67.58
AYEL01029576.1:15210-15481(-)	71.75
AYEL01067015.1:5161-5464(+)	71.43
AYEL01022647.1:14088-14376(-)	78.86
AYEL01087871.1:7888-8187(+)	67.73
AYEL01067425.1:5330-5604(-)	68.40
AYEL01043956.1:16669-16915(-)	70.46
AYEL01069066.1:37645-37911(+)	72.40
AYEL01078441.1:9796-10068(+)	73.33
AYEL01072135.1:30881-31162(+)	73.71
AYEL01077960.1:70621-70913(+)	69.69
AYEL01073575.1:127964-128264(+)	70.24
AYEL01066656.1:30555-30839(+)	70.36
AYEL01080001.1:14720-14966(+)	80.54
AYEL01079247.1:46626-47018(+)	69.01
AYEL01078430.1:17196-17492(-)	72.47
AYEL01022423.1:64718-65032(+)	74.12
AYEL01078080.1:40687-40974(+)	65.72
AYEL01069530.1:16187-16423(-)	71.49
AYEL01082689.1:8660-8941(+)	74.89
AYEL01085542.1:199670-199966(+)	72.47
AYEL01069208.1:14678-14959(+)	72.77
AYEL01059925.1:14609-14890(-)	70.74
AYEL01087178.1:70101-70400(+)	70.93
AYEL01075618.1:2355-2631(+)	76.82
AYEL01083929.1:15355-15645(-)	70.88
AYEL01072164.1:61210-61486(-)	75.66
AYEL01057175.1:12995-13300(+)	75.74
AYEL01073942.1:10295-10574(-)	68.89
AYEL01051815.1:18934-19206(+)	71.93
AYEL01053587.1:8595-8879(-)	72.04
AYEL01079537.1:29210-29470(+)	68.04
AYEL01078649.1:33326-33610(-)	70.25
AYEL01092383.1:126973-127247(+)	72.76
AYEL01074695.1:4049-4342(+)	70.83
AYEL01055300.1:33089-33631(+,-)	66.89
AYEL01074914.1:22749-23026(-)	74.68
AYEL01091951.1:18855-19154(-)	71.99
AYEL01088640.1:7270-7548(-)	69.26
AYEL01079644.1:49247-49540(+)	69.55
AYEL01086664.1:24524-24804(+)	69.31
AYEL01092312.1:96094-96370(-)	70.68
AYEL01039889.1:109527-109814(-)	73.62
AYEL01087265.1:38488-38788(-)	71.02
AYEL01084579.1:5233-5655(-)	64.62
AYEL01068082.1:12189-12469(+)	70.50
AYEL01089247.1:908-1173(+)	76.62
AYEL01072754.1:1208-1562(+)	67.27
AYEL01082016.1:33479-33773(+)	72.03
AYEL01029120.1:1564-1841(-)	74.68
AYEL01068149.1:747-1018(+)	71.68
AYEL01043108.1:5-273(+)	72.80
AYEL01056467.1:2326-2602(+)	72.44
AYEL01076235.1:25628-26110(+)	66.46
AYEL01081943.1:53780-54065(+)	73.39
AYEL01070120.1:12098-12373(+)	69.08
AYEL01049473.1:16289-16562(+)	72.52
AYEL01056994.1:23686-23984(+)	69.63
AYEL01052469.1:15664-15958(-)	72.22
AYEL01059838.1:20499-20778(-)	70.89
AYEL01082703.1:66005-66293(+)	73.93
AYEL01087158.1:45030-45289(+)	72.83
AYEL01090474.1:13428-13659(+)	74.78
AYEL01083738.1:2933-3226(-)	70.49
AYEL01073942.1:9826-10114(+)	72.24
AYEL01072383.1:129789-130040(-)	74.76
AYEL01043077.1:952-1214(+)	73.19
AYEL01081354.1:8628-8894(+)	70.49
AYEL01056689.1:10630-10937(-)	70.11
AYEL01074249.1:63082-63366(+)	69.53
AYEL01072164.1:59602-59894(+)	70.42
AYEL01059838.1:19289-19580(+)	72.63
AYEL01079938.1:8333-8598(-)	69.23
AYEL01091275.1:4618-4896(-)	72.65
AYEL01088103.1:23677-23960(-)	74.89
AYEL01079938.1:7115-7397(+)	72.59
AYEL01081666.1:65527-65809(+)	73.88
AYEL01085767.1:12247-12566(+)	73.86
AYEL01058752.1:3774-4065(+)	73.08
AYEL01040563.1:112393-112649(-)	75.23
AYEL01078587.1:129174-129444(+)	74.04
AYEL01078345.1:736-1048(+)	72.34
AYEL01024707.1:11688-11970(+)	72.93
AYEL01080250.1:50863-51143(+)	77.02
AYEL01082222.1:1756-2038(+)	68.50
AYEL01078923.1:13881-14156(-)	71.04
AYEL01082563.1:7141-7421(-)	73.93
AYEL01025864.1:6089-6335(+)	62.57
AYEL01079206.1:2747-3033(+)	72.77
AYEL01072300.1:6287-6526(+)	67.34
AYEL01085174.1:76135-76412(-)	75.54
AYEL01060646.1:3866-4163(-)	70.30
AYEL01062263.1:15048-15335(+)	71.73
AYEL01081748.1:39928-40206(+)	71.12
AYEL01059885.1:15465-15723(+)	70.08
AYEL01002556.1:407-763(-)	65.86
AYEL01068831.1:1928-2218(+)	73.84
AYEL01082091.1:20273-20551(-)	71.90
AYEL01039616.1:54328-54591(-)	72.77
AYEL01081734.1:46398-46696(-)	71.53
AYEL01086913.1:47541-47803(+)	67.12
AYEL01080954.1:37401-37675(-)	74.01
AYEL01050101.1:8134-8424(+)	70.53
AYEL01089189.1:31322-31716(+)	70.68
AYEL01070983.1:40578-40836(-)	71.37
AYEL01064439.1:419-704(+)	72.44
AYEL01051815.1:19821-20116(-)	70.24
AYEL01050255.1:1309-1572(-)	69.53
AYEL01077388.1:18793-19069(+)	76.39
AYEL01087673.1:10326-10623(+)	67.54
AYEL01064979.1:1250-1534(+)	65.69
AYEL01055231.1:1689-1976(+)	71.08
AYEL01088531.1:12535-12805(+)	68.80
AYEL01034366.1:10560-10856(-)	70.49
AYEL01039247.1:29-321(+)	68.88
AYEL01082699.1:21384-21726(-)	73.17
AYEL01082110.1:11380-11637(-)	71.10
AYEL01068098.1:21533-21810(+)	75.64
AYEL01052484.1:5554-5810(-)	68.62
AYEL01085475.1:4702-5049(-)	74.48
AYEL01082231.1:15993-16288(+)	71.97
AYEL01065708.1:32227-32508(-)	69.89
AYEL01079933.1:70208-70484(+)	72.77
AYEL01075738.1:32939-33214(-)	74.89
AYEL01051114.1:12699-12991(-)	69.37
AYEL01068432.1:5650-5937(-)	71.68
AYEL01059648.1:12623-12893(+)	74.45
AYEL01084656.1:92069-92342(+)	74.04
AYEL01063792.1:20733-21010(-)	68.07
AYEL01060483.1:22109-22400(+)	68.90
AYEL01042615.1:13541-13772(-)	57.02
AYEL01069610.1:7789-8048(+)	72.25
AYEL01085779.1:35325-35622(+)	72.40
AYEL01072374.1:13881-14154(+)	72.93
AYEL01056189.1:14260-14540(-)	70.74
AYEL01072338.1:42850-43139(-)	72.03
AYEL01074952.1:76786-77076(+)	70.50
AYEL01079792.1:28429-28723(+)	70.88
AYEL01085726.1:1052-1323(-)	72.69
AYEL01055300.1:33801-34104(-)	65.56
AYEL01075188.1:114797-115069(-)	68.77
AYEL01091858.1:10365-10670(+)	74.48
AYEL01067332.1:6533-6807(+)	75.22
AYEL01068228.1:49416-49714(-)	71.08
AYEL01070914.1:33159-33447(-)	69.06
AYEL01064979.1:1764-2028(-)	73.68
AYEL01086360.1:85137-85401(-)	75.00
AYEL01068587.1:64828-65155(+)	70.03
AYEL01071524.1:77118-77402(+)	69.61
AYEL01086863.1:17582-17868(+)	69.47
AYEL01036251.1:37-298(+)	69.02
AYEL01021331.1:27383-27734(-)	73.98
AYEL01053058.1:589-864(+)	70.27
AYEL01081464.1:11234-11511(-)	69.40
AYEL01032212.1:5512-5790(+)	74.89
AYEL01086960.1:7324-7641(-)	72.10
AYEL01060107.1:10798-11067(+)	71.43
AYEL01055050.1:6518-6805(+)	67.91
AYEL01070136.1:678-960(+)	70.50
AYEL01077001.1:28394-28668(-)	74.04
AYEL01079255.1:2182-2435(-)	58.29
AYEL01083139.1:15966-16221(-)	63.98
AYEL01054830.1:32069-32317(-)	70.90
AYEL01060344.1:8635-8932(+)	72.13
AYEL01044747.1:6699-6973(-)	72.73
AYEL01061540.1:4348-4642(-)	72.47
AYEL01075375.1:45458-45756(-)	74.30
AYEL01069204.1:23253-23515(-)	74.29
AYEL01085093.1:76936-77211(+)	73.70
AYEL01076806.1:92508-92801(-)	73.71
AYEL01044747.1:6238-6526(+)	71.93
AYEL01056442.1:25744-26009(+)	73.66
AYEL01088591.1:834-1065(+)	59.60
AYEL01062992.1:21335-21614(-)	75.00
AYEL01044910.1:3432-3712(-)	71.11
AYEL01054953.1:359-629(-)	72.65
AYEL01071188.1:330-626(-)	68.29
AYEL01063938.1:5537-5817(-)	70.74
AYEL01077197.1:14127-14411(-)	71.48
AYEL01086805.1:94285-94576(+)	71.28
AYEL01063502.1:35369-35617(+)	68.66
AYEL01047331.1:25410-25695(+)	72.29
AYEL01090321.1:4749-5032(+)	68.86
AYEL01080001.1:15185-15442(-)	75.77
AYEL01064569.1:12479-12737(+)	70.20
AYEL01071622.1:3848-4125(-)	73.93
AYEL01092146.1:10594-10836(+)	68.38
AYEL01083738.1:2470-2753(+)	69.53
AYEL01087707.1:55855-56145(-)	74.20
AYEL01011889.1:20778-21067(+)	70.18
AYEL01063883.1:24450-24727(+)	75.11
AYEL01087339.1:45090-45364(-)	71.43
AYEL01085942.1:31297-31561(+)	73.39
AYEL01079181.1:75147-75437(-)	70.88
AYEL01063412.1:25634-25894(+)	76.39
AYEL01055564.1:11356-11671(+)	74.79
AYEL01078311.1:51258-51546(-)	72.50
AYEL01061138.1:4226-4501(-)	76.82
AYEL01092151.1:22265-22547(+)	75.11
AYEL01075311.1:22656-22945(+)	71.73
AYEL01072926.1:408-680(+)	70.30
AYEL01029913.1:67903-68179(+)	70.04
AYEL01071629.1:13557-13836(-)	74.43
AYEL01066656.1:31026-31303(-)	70.07
AYEL01072688.1:16266-16561(-)	72.76
AYEL01061919.1:22788-23066(+)	74.35
AYEL01063068.1:6445-6720(-)	73.68
AYEL01090474.1:14257-14508(-)	96.77
AYEL01070548.1:17633-17953(+)	71.33
AYEL01087673.1:11113-11415(+)	68.03
AYEL01091786.1:1615-1887(+)	75.45
AYEL01077707.1:9975-10299(+)	72.06
AYEL01063068.1:5632-5916(+)	68.63
AYEL01081939.1:2644-2951(-)	72.47
AYEL01087749.1:24822-25098(+)	59.00
AYEL01071244.1:20845-21124(-)	68.98
AYEL01091719.1:44387-44677(+)	71.08
AYEL01060827.1:22182-22430(-)	71.31
AYEL01074286.1:7111-7395(+)	69.93
AYEL01052955.1:5795-6107(+)	75.32
AYEL01073432.1:1477-1763(+)	68.57
AYEL01022127.1:3888-4162(+)	73.62
AYEL01070502.1:5286-5689(+)	65.15
AYEL01059894.1:24382-24621(+)	72.27
AYEL01067568.1:69282-69548(-)	74.67
AYEL01084379.1:23249-23512(+)	75.54
AYEL01062037.1:16363-16634(+)	73.16
AYEL01080312.1:72540-72824(-)	70.36
AYEL01027296.1:5259-5556(-)	74.56
AYEL01092090.1:20111-20361(+)	74.04
AYEL01052383.1:49528-49794(-)	74.78
AYEL01068359.1:7480-7751(-)	72.59
AYEL01084978.1:18091-18388(-)	69.52
AYEL01066460.1:56885-57162(-)	73.28
AYEL01084113.1:7645-7940(-)	72.73
AYEL01074199.1:15271-15558(+)	72.76
AYEL01056052.1:75748-76047(+)	90.00
AYEL01061561.1:34624-34913(+)	71.83
AYEL01081842.1:4748-5026(+)	73.83
AYEL01079564.1:37579-37826(-)	59.90
AYEL01083696.1:31949-32226(+)	68.28
AYEL01086598.1:280-548(-)	72.41
AYEL01073549.1:26244-26527(+)	72.46
AYEL01061655.1:13188-13470(+)	76.50
AYEL01090649.1:11772-12047(+)	72.84
AYEL01091265.1:1988-2263(-)	75.43
AYEL01077402.1:2773-3103(+)	74.62
AYEL01068359.1:7026-7296(+)	73.80
AYEL01088107.1:17661-17951(+)	70.18
AYEL01069756.1:43036-43329(+)	74.03
AYEL01070250.1:95698-95966(+)	71.43
AYEL01078860.1:2664-2938(+)	71.54
AYEL01078810.1:21106-21378(+)	71.10
AYEL01071422.1:11660-11940(+)	68.98
AYEL01072381.1:3506-3798(-)	69.01
AYEL01073883.1:22750-23041(-)	70.38
AYEL01087651.1:15863-16157(-)	71.98
AYEL01069424.1:49953-50288(+)	76.29
AYEL01090091.1:34589-34871(-)	73.39
AYEL01063584.1:390-658(-)	70.43
AYEL01051114.1:12239-12519(+)	75.54
AYEL01063885.1:3760-4052(-)	73.14
AYEL01083570.1:3870-4123(-)	71.98
AYEL01089523.1:8818-9102(+)	70.76
AYEL01073940.1:17041-17329(-)	69.08
AYEL01074117.1:5455-5756(+)	70.45
AYEL01070531.1:41178-41468(+)	69.68
AYEL01072433.1:11960-12244(-)	69.75
AYEL01087497.1:59144-59428(+)	71.68
AYEL01065392.1:14197-14495(-)	71.77
AYEL01080012.1:84427-84694(-)	73.30
AYEL01088620.1:39983-40255(+)	74.78
AYEL01040061.1:9119-9424(+)	69.79
AYEL01032855.1:23648-23924(+)	77.25
AYEL01057109.1:6069-6360(+)	74.73
AYEL01074918.1:2976-3270(-)	72.73
AYEL01056627.1:289-569(-)	71.81
AYEL01087149.1:3164-3444(-)	71.85
AYEL01091931.1:39898-40178(+)	71.43
AYEL01067260.1:30252-30538(-)	71.12
AYEL01054928.1:8084-8366(-)	70.48
AYEL01056797.1:30496-30762(+)	72.65
AYEL01056588.1:10243-10526(-)	69.93
AYEL01074160.1:45826-46116(+)	72.24
AYEL01009587.1:310-577(-)	72.48
AYEL01076102.1:4432-4670(-)	77.94
AYEL01089745.1:4198-4510(+)	72.82
AYEL01070960.1:67972-68263(-)	69.93
AYEL01078841.1:26423-26701(-)	73.62
AYEL01022423.1:65226-65531(-)	74.56
AYEL01077388.1:19243-19537(-)	70.73
AYEL01078729.1:28886-29253(+)	68.95
AYEL01078201.1:146779-147071(+)	70.73
AYEL01083105.1:35674-35955(-)	70.76
AYEL01046382.1:20147-20437(+)	70.98
AYEL01064386.1:35097-35368(-)	67.66
AYEL01068149.1:1231-1519(-)	71.99
AYEL01069871.1:20888-21184(+)	72.47
AYEL01078342.1:1836-2127(+)	71.58
AYEL01036072.1:4150-4446(+)	68.29
AYEL01058770.1:12683-12973(-)	70.18
AYEL01062591.1:30240-30530(+)	71.63
AYEL01070206.1:17124-17407(+)	73.31
AYEL01074434.1:51074-51312(+)	71.31
AYEL01085174.1:75678-75925(+)	67.37
AYEL01054827.1:5751-6040(-)	68.31
AYEL01086965.1:58296-58564(+)	71.12
AYEL01069750.1:85406-85683(+)	71.85
AYEL01074117.1:6388-6684(-)	73.85
AYEL01084589.1:11542-11868(+)	71.03
AYEL01078132.1:23083-23366(-)	69.29
AYEL01060040.1:7641-7921(+)	66.42
AYEL01029120.1:1078-1370(+)	70.59
AYEL01081843.1:109-400(-)	75.61
AYEL01089430.1:1108-1399(-)	70.11
AYEL01088781.1:5669-5926(+)	55.56
AYEL01057618.1:3326-3590(-)	72.47
AYEL01074065.1:13939-14217(+)	72.84
AYEL01091746.1:47549-47838(+)	72.24
AYEL01084346.1:4326-4577(-)	72.29
AYEL01033473.1:329-595(+)	73.54
AYEL01089385.1:6586-6868(+)	71.11
AYEL01091595.1:1127-1408(-)	73.73
AYEL01056442.1:26229-26502(-)	69.63
AYEL01079151.1:4054-4351(-)	70.73
AYEL01067553.1:20427-20715(+)	71.83
AYEL01087420.1:1966-2257(-)	74.56
AYEL01082352.1:6115-6379(+)	72.81
AYEL01021331.1:26913-27191(+)	74.89
AYEL01038124.1:104-436(-)	71.63
AYEL01091259.1:72786-73018(-)	57.41
AYEL01052279.1:4132-4400(+)	70.43
AYEL01080394.1:89975-90245(+)	72.46
AYEL01086965.1:58914-59208(-)	73.17
AYEL01063938.1:5062-5355(+)	70.38
AYEL01088716.1:54793-55050(-)	71.43
AYEL01047329.1:12713-12981(+)	69.35
AYEL01079946.1:18633-18890(+)	62.50
AYEL01054830.1:31656-31910(+)	76.04
AYEL01053691.1:21712-21996(-)	70.36
AYEL01077117.1:47048-47321(-)	69.43
AYEL01082870.1:56793-57055(+)	77.03
AYEL01077787.1:27551-27832(+)	72.59
AYEL01078841.1:25935-26227(+)	70.03
AYEL01078594.1:38176-38472(+)	67.36
AYEL01089120.1:10519-10792(+)	73.45
AYEL01035275.1:208-460(-)	69.01
AYEL01082231.1:16563-16867(-)	71.12
AYEL01085619.1:8524-8809(+)	68.24
AYEL01088531.1:12987-13268(-)	70.11
AYEL01076992.1:25567-25861(-)	71.53
AYEL01050160.1:1563-1856(+)	71.22
AYEL01071546.1:52750-53035(-)	70.29
AYEL01008135.1:11-275(-)	69.10
AYEL01090490.1:64863-65151(-)	69.40
AYEL01087230.1:14453-14727(-)	73.28
AYEL01085317.1:45004-45278(-)	70.88
AYEL01083580.1:8958-9248(-)	70.53
AYEL01085348.1:74458-74734(+)	70.26
AYEL01070866.1:6850-7141(+)	71.88
AYEL01078785.1:27817-28097(+)	75.28
AYEL01055564.1:11846-12131(-)	68.55
AYEL01089777.1:16977-17259(-)	76.17
AYEL01039384.1:14684-14964(+)	69.49
AYEL01087645.1:8120-8360(+)	61.57
AYEL01063455.1:2691-2957(-)	70.34
AYEL01087222.1:12377-12655(-)	73.25
AYEL01072128.1:3872-4180(-)	69.53
AYEL01051907.1:53-314(-)	71.24
AYEL01077832.1:1069-1347(+)	69.20
AYEL01049741.1:2599-2884(-)	68.65
AYEL01084708.1:24283-24574(-)	70.28
AYEL01044840.1:9745-10017(+)	72.77
AYEL01062653.1:70210-70502(+)	73.78
AYEL01066516.1:3803-4078(-)	75.21
AYEL01053587.1:8137-8410(+)	73.08
AYEL01088716.1:54161-54444(+)	74.35
AYEL01074829.1:31021-31253(+)	71.78
AYEL01084516.1:405-678(-)	69.53
AYEL01044098.1:5657-5944(+)	73.91
AYEL01054817.1:4780-5072(-)	70.98
AYEL01065961.1:19088-19381(-)	69.20
AYEL01039842.1:4103-4409(+)	61.51
AYEL01086937.1:14446-14895(-)	74.55
AYEL01080995.1:2076-2321(-)	72.65
AYEL01031252.1:31343-31636(-)	71.68
AYEL01080312.1:72076-72353(+)	70.07
AYEL01079928.1:79453-79717(-)	67.95
AYEL01060827.1:21772-22023(+)	76.17
AYEL01061915.1:30599-30885(-)	71.94
AYEL01080436.1:4812-5269(+)	69.59
AYEL01055453.1:9214-9517(+)	74.48
AYEL01068742.1:2714-3027(+)	69.03
AYEL01090945.1:46151-46438(-)	69.58
AYEL01065859.1:5737-6017(+)	71.11
AYEL01072076.1:5122-5412(+)	70.18
AYEL01071927.1:25008-25299(+)	72.03
AYEL01065755.1:85512-85805(-)	70.14
AYEL01086960.1:6823-7055(+)	72.17
AYEL01059177.1:10607-10884(+)	76.39
AYEL01085653.1:7869-8142(+)	73.48
AYEL01074313.1:121496-121785(+)	70.28
AYEL01085309.1:42079-42377(-)	71.88
AYEL01085093.1:77423-77722(-)	70.73
AYEL01085081.1:18199-18491(-)	70.38
AYEL01083135.1:49062-49322(-)	74.68
AYEL01090504.1:78384-78664(+)	70.74
AYEL01085942.1:31737-31999(-)	71.88
AYEL01087707.1:55405-55670(+)	72.52
AYEL01082194.1:326977-327256(-)	60.62
AYEL01062453.1:39781-40038(+)	73.83
AYEL01090256.1:20630-20885(-)	75.76
AYEL01082572.1:42331-42602(-)	68.89
AYEL01070136.1:1325-1608(-)	69.78
AYEL01076235.1:51191-51487(-)	70.00
AYEL01068240.1:5054-5335(-)	70.26
AYEL01022535.1:30379-30662(-)	69.93
AYEL01079644.1:51607-51881(-)	71.86
AYEL01086915.1:14107-14381(+)	72.73
AYEL01086357.1:14056-14380(+)	69.26
AYEL01056423.1:3020-3292(-)	71.43
AYEL01053381.1:310-557(-)	72.67
AYEL01081943.1:54920-55163(-)	74.37
AYEL01084422.1:76731-77048(+)	75.21
AYEL01091781.1:9961-10220(+)	60.00
AYEL01087376.1:26242-26511(+)	70.35
AYEL01077334.1:12330-12609(-)	74.57
AYEL01062263.1:15528-15789(-)	74.68
AYEL01075151.1:53286-53523(+)	66.50
AYEL01021110.1:33921-34159(-)	72.22
AYEL01072892.1:17342-17634(+)	70.83
AYEL01076235.1:50750-51045(+)	66.79
AYEL01080706.1:28374-28665(-)	69.69
AYEL01054928.1:7600-7890(+)	73.14
AYEL01004155.1:285-569(-)	65.69
AYEL01079807.1:2443-2736(+)	68.86
AYEL01087238.1:109967-110432(+,-)	66.44
AYEL01068881.1:31099-31392(+)	71.33
AYEL01085044.1:19905-20192(+)	70.67
AYEL01010287.1:156-415(-)	71.12
AYEL01078037.1:26456-26739(-)	72.30
AYEL01068003.1:8067-8344(-)	75.32
AYEL01085317.1:44528-44823(+)	70.46
AYEL01058818.1:20038-20303(+)	73.71
AYEL01091517.1:11731-12014(+)	74.28
AYEL01067630.1:37243-37492(-)	69.71
AYEL01068228.1:48936-49222(+)	70.70
AYEL01078122.1:242-542(+)	70.49
AYEL01063020.1:28470-28756(-)	73.05
AYEL01053076.1:3282-3572(-)	70.88
AYEL01022647.1:12336-12791(+)	68.62
AYEL01029527.1:88608-88904(+)	69.10
AYEL01064924.1:81836-82119(+)	69.50
AYEL01052932.1:47136-47405(+)	74.25
AYEL01081922.1:39018-39290(+)	70.22
AYEL01062591.1:30709-31036(-)	73.36
AYEL01034689.1:28099-28377(-)	68.40
AYEL01078418.1:10021-10306(+)	69.18
AYEL01066369.1:19314-19605(-)	67.94
AYEL01071401.1:3042-3304(-)	71.16
AYEL01071829.1:4462-4736(-)	74.04
AYEL01089385.1:7071-7364(-)	71.68
AYEL01063883.1:24901-25194(-)	70.49
AYEL01074485.1:110480-110752(+)	71.93
AYEL01085716.1:32395-32672(+)	71.74
AYEL01048191.1:957-1235(+)	71.06
AYEL01087849.1:11474-11753(-)	70.74
AYEL01087598.1:34692-34952(+)	74.19
AYEL01078498.1:29289-29554(+)	75.12
AYEL01015680.1:124174-124435(-)	72.94
AYEL01063502.1:35660-35934(-)	74.43
AYEL01081789.1:104008-104288(-)	70.00
AYEL01060696.1:31400-31669(-)	76.68
AYEL01048191.1:1447-1732(-)	69.37
AYEL01062453.1:40217-40512(-)	70.93
AYEL01080373.1:16704-16994(+)	69.47
AYEL01062556.1:7311-7597(+)	67.88
AYEL01077086.1:11955-12234(-)	74.03
AYEL01075496.1:4973-5249(-)	71.55
AYEL01080673.1:16096-16386(-)	67.61
AYEL01081208.1:22115-22395(-)	69.20
AYEL01066369.1:18841-19122(+)	72.77
AYEL01086449.1:47569-47847(+)	65.53
AYEL01077832.1:1617-1878(-)	75.35
AYEL01074106.1:11537-11828(+)	68.99
AYEL01072576.1:10823-11119(-)	71.28
AYEL01068098.1:21998-22296(-)	71.97
AYEL01033185.1:10927-11202(+)	71.75
AYEL01080476.1:36995-37292(+)	70.00
AYEL01086619.1:64107-64398(-)	73.93
AYEL01067091.1:20992-21272(-)	71.11
AYEL01078628.1:22775-23067(+)	70.28
AYEL01085222.1:21434-21737(+)	88.78
AYEL01083929.1:14895-15170(+)	73.73
AYEL01071540.1:62024-62301(+)	75.54
AYEL01060008.1:1222-1489(+)	69.92
AYEL01087651.1:15387-15670(+)	68.46
AYEL01084497.1:9537-9820(+)	73.19
AYEL01059159.1:29619-29901(+)	69.18
AYEL01084346.1:3763-4048(+)	70.55
AYEL01055334.1:87785-88060(+)	73.73
AYEL01060874.1:33413-33701(-)	70.97
AYEL01070206.1:17585-17878(-)	72.89
AYEL01084656.1:92530-92823(-)	70.83
AYEL01078037.1:26023-26293(+)	72.05
AYEL01061862.1:670-940(-)	72.53
AYEL01079222.1:1525-1802(-)	71.55
AYEL01081611.1:5097-5388(+)	70.73
AYEL01083026.1:17946-18223(-)	70.63
AYEL01076429.1:24735-25045(+)	74.26
AYEL01085287.1:2223-2497(+)	74.04
AYEL01081161.1:57009-57382(+)	71.11
AYEL01058710.1:52698-52990(+)	70.73
AYEL01080903.1:16966-17212(+)	72.28
AYEL01069192.1:24286-24572(+)	70.76
AYEL01073682.1:81858-82151(-)	71.53
AYEL01066516.1:3331-3624(+)	71.83
AYEL01090216.1:5593-5883(-)	75.37
AYEL01070388.1:43302-43571(+)	70.54
AYEL01091651.1:26022-26253(+)	62.90
AYEL01083570.1:3535-3788(-)	71.98
AYEL01077093.1:3582-3875(+)	72.82
AYEL01068703.1:17557-17851(+)	66.04
AYEL01083776.1:29611-29901(-)	70.83
AYEL01070333.1:7615-7907(+)	71.23
AYEL01082377.1:299-573(+)	73.57
AYEL01089236.1:24607-24887(+)	75.64
AYEL01084978.1:17635-17900(+)	74.55
AYEL01086347.1:19647-19934(+)	73.82
AYEL01081774.1:4374-4664(-)	71.02
AYEL01076867.1:53076-53357(+)	72.66
AYEL01065530.1:17978-18259(+)	75.11
AYEL01069295.1:18829-19117(-)	68.93
AYEL01084831.1:1898-2181(-)	68.95
AYEL01048491.1:1195-1488(-)	72.73
AYEL01071791.1:8370-8651(-)	68.82
AYEL01075496.1:4499-4800(+)	69.58
AYEL01082823.1:4795-5087(-)	72.22
AYEL01079472.1:10192-10473(+)	71.38
AYEL01053492.1:12304-12625(+)	74.64
AYEL01069750.1:85916-86193(-)	71.85
AYEL01066551.1:82067-82347(+)	70.76
AYEL01083580.1:8498-8773(+)	73.73
AYEL01072335.1:37635-37954(-)	72.86
AYEL01080427.1:13136-13408(-)	71.37
AYEL01072338.1:40940-41266(-)	71.33
AYEL01091858.1:10844-11121(-)	72.96
AYEL01081774.1:3926-4203(+)	71.24
AYEL01022423.1:51052-51345(-)	70.76
AYEL01091275.1:4123-4406(+)	69.93
AYEL01052957.1:30671-30950(+)	71.12
AYEL01083153.1:75392-75667(-)	74.36
AYEL01077702.1:239596-239875(-)	72.83
AYEL01091400.1:29871-30151(-)	72.49
AYEL01046382.1:20652-20918(-)	71.74
AYEL01082178.1:3326-3618(+)	72.13
AYEL01077025.1:24013-24287(-)	74.45
AYEL01089144.1:13667-13950(+)	69.26
AYEL01079185.1:20006-20403(+)	67.51
AYEL01090588.1:6255-6524(-)	73.71
AYEL01092146.1:11020-11290(-)	73.28
AYEL01072300.1:6801-7043(-)	73.24
AYEL01082682.1:63-335(+)	72.69
AYEL01062798.1:9595-9887(+)	71.43
AYEL01064569.1:14941-15197(-)	73.64
AYEL01081734.1:45942-46212(+)	71.81
AYEL01086664.1:11551-11831(+)	68.95
AYEL01052957.1:31123-31386(-)	71.54
AYEL01063412.1:26492-26787(-)	68.86
AYEL01065392.1:13740-14024(+)	72.96
AYEL01073940.1:25592-25903(+)	73.91
AYEL01065253.1:14706-15065(+)	71.52
AYEL01081699.1:57752-58021(+)	72.57
AYEL01090331.1:1232-1515(-)	69.18
AYEL01078798.1:23568-23857(-)	71.07
AYEL01083105.1:35202-35488(+)	71.43
AYEL01086315.1:2341-2640(-)	70.83
AYEL01068167.1:4188-4478(+)	72.08
AYEL01079222.1:989-1279(+)	68.18
AYEL01071546.1:51877-52152(+)	74.89
AYEL01078987.1:15794-16083(+)	72.70
AYEL01058770.1:12224-12498(+)	74.04
AYEL01081141.1:3893-4147(-)	70.25
AYEL01081929.1:20667-20938(+)	68.44
AYEL01079497.1:649-935(+)	72.26
AYEL01079761.1:7868-8232(+)	62.22
AYEL01068234.1:45420-45661(+)	77.78
AYEL01085192.1:21105-21341(-)	70.70
AYEL01081751.1:14174-14440(+)	71.89
AYEL01084565.1:12806-13101(-)	69.79
AYEL01057618.1:2945-3238(+)	70.14
AYEL01067968.1:23059-23375(+)	71.64
AYEL01055152.1:2440-2778(-)	67.18
AYEL01078860.1:3909-4190(-)	75.77
AYEL01090572.1:10507-10803(-)	69.69
AYEL01074570.1:41122-41393(+)	74.67
AYEL01009844.1:3699-3958(+)	69.77
AYEL01039384.1:25653-25905(+)	73.13
AYEL01089165.1:3989-4264(-)	73.73
AYEL01091766.1:100057-100324(+)	74.46
AYEL01080903.1:17406-17709(-)	73.52
AYEL01060344.1:9124-9404(-)	75.00
AYEL01059276.1:30240-30471(-)	75.12
AYEL01072433.1:11519-11778(+)	76.13
AYEL01063020.1:27857-28282(+,-)	66.84
AYEL01069530.1:27714-27999(+)	70.36
AYEL01081929.1:21049-21319(+)	67.30
AYEL01062732.1:41943-42221(+)	70.86
AYEL01087479.1:8005-8240(-)	70.10
AYEL01073904.1:35925-36202(-)	76.39
AYEL01069110.1:8119-8387(-)	68.30
AYEL01058239.1:34729-35019(-)	71.99
AYEL01091000.1:16226-16510(+)	70.36
AYEL01083501.1:366-654(+)	69.23
AYEL01069529.1:61130-61375(+)	72.28
AYEL01089913.1:23250-23533(-)	68.93
AYEL01080740.1:36250-36507(+)	57.08
AYEL01015532.1:21289-21668(+)	70.78
AYEL01070101.1:15965-16224(+)	72.00
AYEL01027368.1:11947-12271(+)	75.00
AYEL01060874.1:32997-33260(+)	73.01
AYEL01069204.1:22767-23061(+)	70.59
AYEL01006427.1:1372-1625(-)	76.50
AYEL01069568.1:27252-27502(+)	78.74
AYEL01069191.1:699-983(-)	70.36
AYEL01055849.1:1540-1817(+)	71.37
AYEL01071898.1:23075-23365(-)	70.98
AYEL01060241.1:2224-2519(+)	74.20
AYEL01067210.1:2087-2375(-)	73.31
AYEL01060566.1:15723-16023(-)	72.63
AYEL01072164.1:60027-60306(-)	70.74
AYEL01087664.1:2132-2393(+)	67.73
AYEL01049931.1:50485-50727(+)	71.50
AYEL01088861.1:19590-19885(-)	72.92
AYEL01067214.1:2012-2309(-)	70.36
AYEL01070531.1:41645-41932(-)	70.42
AYEL01088717.1:247-498(-)	67.90
AYEL01082557.1:2341-2631(+)	72.63
AYEL01085401.1:4011-4298(+)	74.04
AYEL01082825.1:19625-19906(-)	70.76
AYEL01068552.1:9163-9441(-)	71.48
AYEL01074829.1:32301-32584(-)	76.19
AYEL01021331.1:21795-22075(+)	75.86
AYEL01074249.1:64700-64995(+)	70.83
AYEL01064986.1:492-767(+)	76.29
AYEL01056026.1:462-697(-)	59.11
AYEL01089532.1:74306-74579(-)	70.93
AYEL01078785.1:28422-28719(-)	70.34
AYEL01042495.1:3306-3581(-)	73.73
AYEL01069695.1:23341-23630(+)	69.12
AYEL01067260.1:29781-30075(+)	70.49
AYEL01085081.1:14096-14371(+)	76.19
AYEL01062653.1:70930-71183(-)	74.42
AYEL01049819.1:26711-27001(+)	71.23
AYEL01065961.1:18627-18891(+)	74.77
AYEL01049741.1:1558-1828(+)	73.21
AYEL01059177.1:11074-11370(-)	70.24
AYEL01090945.1:45655-45910(+)	69.57
AYEL01073988.1:28726-29018(-)	72.03
AYEL01090572.1:10066-10337(+)	75.11
AYEL01078841.1:23269-23555(+)	72.40
AYEL01044467.1:19447-19708(-)	72.16
AYEL01076925.1:2271-2525(+)	72.51
AYEL01085817.1:12532-12775(+)	58.01
AYEL01075375.1:44970-45285(+)	76.62
AYEL01063195.1:34467-34727(-)	72.29
AYEL01081080.1:27707-27996(-)	73.08
AYEL01083641.1:100917-101210(+)	70.49
AYEL01034350.1:53469-53708(+)	57.69
AYEL01091595.1:701-948(+)	79.04
AYEL01088124.1:7583-7833(+)	84.57
AYEL01067745.1:33185-33445(+)	70.31
AYEL01072688.1:13365-13631(+)	71.49
AYEL01083019.1:3040-3329(-)	68.20
AYEL01086315.1:1682-1934(+)	73.83
AYEL01075512.1:14957-15233(+)	74.36
AYEL01076925.1:2763-3057(-)	71.63
AYEL01078402.1:4563-4844(-)	74.04
AYEL01090542.1:10567-10849(+)	73.19
