species	family_plate	copies	cpg_sites	element_sites	cpg_site_substitution_density	noncpg_site_substitution_density	ratio_cpg_over_noncpg	transition_share_at_cpg	transition_share_elsewhere
rsi	rsi_MEG-RL	14	14	207	0.5217	0.4128	1.26	0.468	0.442
rsi	rsi_MEG-RS	99	14	135	0.2989	0.1880	1.59	0.236	0.618
rsi	rsi_MEG-T2	100	30	227	0.5640	0.6317	0.89	0.354	0.439
rsi	rsi_MEG-TR	21	16	196	0.6667	0.6089	1.09	0.349	0.439
rsi	rsi_r10_19seqs	100	20	146	0.2791	0.0480	5.82	0.785	0.705
rsi	rsi_r10_r8_P18	100	64	426	0.2872	0.0712	4.03	0.845	0.662
rsi	rsi_r1_9seqs	100	14	155	0.3429	0.1815	1.89	0.807	0.578
rsi	rsi_r1_r2_r3_r3_C11	100	48	608	0.0419	0.0088	4.79	0.925	0.589
rsi	rsi_r1_r3_P1	100	38	448	0.1648	0.0260	6.34	0.914	0.529
rsi	rsi_r1_r3_P2	100	20	304	0.1615	0.0285	5.67	0.901	0.626
rsi	rsi_r2_3seqs	73	18	146	0.5181	0.3681	1.41	0.619	0.466
rsi	rsi_r3_58seqs	100	18	201	0.3677	0.2145	1.71	0.664	0.579
rsi	rsi_r4_32seqs	25	16	144	0.5514	0.4358	1.27	0.509	0.501
rsi	rsi_r5_27seqs	100	16	178	0.2352	0.0405	5.81	0.889	0.416
rsi	rsi_r5_r3_P34	100	40	370	0.2550	0.0384	6.64	0.858	0.587
rsi	rsi_r5_r5_P48	100	32	308	0.3191	0.0833	3.83	0.838	0.634
rsi	rsi_r5_r6_P26	100	40	376	0.2440	0.0442	5.51	0.886	0.530
rsi	rsi_r6_210seqs	100	20	225	0.2121	0.0285	7.45	0.896	0.611
rsi	rsi_r7_133seqs	100	14	154	0.1407	0.0171	8.24	0.886	0.642
rsi	rsi_r8_83seqs	100	16	181	0.2281	0.0396	5.76	0.873	0.488
rsi	rsi_r9_15seqs	100	12	105	0.1650	0.0188	8.77	0.865	0.652
rle	rle_rle_MEG-RL	100	14	207	0.2421	0.0385	6.29	0.918	0.599
rle	rle_rle_MEG-RS	100	14	135	0.2486	0.0501	4.96	0.915	0.510
rle	rle_rle_MEG-T2	100	30	232	0.3583	0.1042	3.44	0.875	0.733
rle	rle_rle_MEG-TR	100	16	196	0.3000	0.0392	7.66	0.925	0.658
rle	rle_rle_VES	13	16	220	0.5702	0.5565	1.02	0.387	0.412
hum	hum_7SLRNA	100	48	320	0.4448	0.1011	4.40	0.861	0.580
hum	hum_ASR	77	12	118	0.4262	0.2575	1.66	0.695	0.461
hum	hum_AluJb_short_	100	44	302	0.4353	0.0875	4.97	0.872	0.604
hum	hum_AluJb	100	50	312	0.4067	0.0694	5.86	0.865	0.591
hum	hum_AluJo	100	46	312	0.4558	0.1061	4.29	0.881	0.545
hum	hum_AluJr4	100	44	312	0.4749	0.1037	4.58	0.875	0.588
hum	hum_AluJr	100	46	312	0.4519	0.0989	4.57	0.892	0.536
hum	hum_AluSc5	100	44	309	0.2434	0.0417	5.84	0.843	0.574
hum	hum_AluSc8	100	50	311	0.2247	0.0381	5.90	0.845	0.577
hum	hum_AluSc	100	48	309	0.2081	0.0364	5.72	0.855	0.602
hum	hum_AluSg4	100	48	310	0.3093	0.0561	5.51	0.911	0.552
hum	hum_AluSg7	100	42	309	0.2412	0.0406	5.94	0.889	0.593
hum	hum_AluSg	66	50	310	0.3972	0.1037	3.83	0.846	0.571
hum	hum_AluSp	100	46	313	0.2007	0.0346	5.80	0.858	0.531
tim	tim_t1-2	100	38	254	0.1705	0.1093	1.56	0.751	0.512
tim	tim_t1-3	100	28	254	0.2367	0.0998	2.37	0.686	0.571
tim	tim_t1-4	100	34	242	0.3710	0.2279	1.63	0.684	0.489
tim	tim_t1_1	100	40	264	0.0265	0.0207	1.28	0.805	0.417
tim	tim_t2	100	38	304	0.1945	0.0873	2.23	0.734	0.549
tim	tim_t3-1	100	26	288	0.0096	0.0048	2.00	0.979	0.557
tim	tim_t3-2	100	26	301	0.0358	0.0243	1.47	0.826	0.608
tim	tim_t6-1	100	34	346	0.1919	0.1020	1.88	0.712	0.567
tim	tim_t6-2	100	34	341	0.2405	0.1147	2.10	0.733	0.551
tim	tim_t6-3	100	32	342	0.3079	0.1576	1.95	0.663	0.549
tim	tim_t6-4	100	24	327	0.3002	0.1608	1.87	0.730	0.542
tim	tim_t6-5	100	16	226	0.3009	0.1420	2.12	0.751	0.588
tim	tim_t8-1	100	22	284	0.2256	0.0807	2.80	0.819	0.565
tim	tim_t8-2	100	22	240	0.2111	0.0974	2.17	0.737	0.534
zeb	zeb_7SLRNA	100	48	320	0.2297	0.1622	1.42	0.422	0.552
zeb	zeb_DANA	64	52	394	0.4037	0.2921	1.38	0.734	0.419
zeb	zeb_HE1_DR1	100	38	402	0.2595	0.1106	2.35	0.859	0.392
zeb	zeb_HE2_DR	100	42	363	0.1220	0.0256	4.77	0.724	0.486
zeb	zeb_LmeSINE1c	100	10	121	0.3685	0.4335	0.85	0.756	0.312
zeb	zeb_SINE2-1B_DR	100	24	198	0.1281	0.0573	2.23	0.882	0.438
zeb	zeb_SINE2-1_DR	100	28	198	0.1994	0.0728	2.74	0.893	0.220
zeb	zeb_SINE2-2_DR	100	20	329	0.4623	0.1824	2.53	0.847	0.533
zeb	zeb_SINE2-3_DR	100	46	368	0.0925	0.0340	2.72	0.738	0.373
zeb	zeb_SINE2-4_DR	100	20	248	0.1907	0.0590	3.23	0.817	0.526
zeb	zeb_SINE2-5_DR	100	32	282	0.3331	0.0871	3.82	0.725	0.498
zeb	zeb_SINE3-1	100	38	590	0.0242	0.0256	0.94	0.852	0.412
zeb	zeb_SINE3-1a	100	46	570	0.0507	0.0322	1.58	0.909	0.480
eri	eri_e1-4	100	10	195	0.0000	0.0054	0.00	nan	1.000
eri	eri_e2-3	100	30	203	0.0800	0.0186	4.30	0.813	0.872
eri	eri_e2-4	100	20	197	0.3669	0.1092	3.36	0.800	0.589
